,Id,AGE,SSN,FIRST,LAST,MARITAL,RACE,GENDER,ADDRESS,CITY,MEDICATION,DIAGNOSIS,ALLERGY
0,b9c610cd-28a6-4636-ccb6-c7a0d2a4cb85,7,999-65-3251,Damon,Langosh,unknown,white,M,620 Lynch Tunnel Apt 0,Springfield,"cetirizine hydrochloride 5 MG Oral Tablet, NDA020800 0.3 ML Epinephrine 1 MG/ML Auto-Injector",,"Mold , Grass pollen , Aspirin, Shellfish , Soya bean , Cow's milk , Latex , House dust mite , Animal dander "
1,c1f1fcaa-82fd-d5b7-3544-c8f9708b06a8,20,999-49-3323,Thi,Wunsch,unknown,white,F,972 Tillman Branch Suite 48,Bellingham,"Naproxen sodium 220 MG Oral Tablet, 1 ML medroxyPROGESTERone acetate 150 MG/ML Injection, Ibuprofen 100 MG Oral Tablet, Acetaminophen 160 MG Chewable Tablet, Acetaminophen 21.7 MG/ML / Dextromethorphan Hydrobromide 1 MG/ML / doxylamine succinate 0.417 MG/ML Oral Solution",Acute bronchitis (disorder),
2,339144f8-50e1-633e-a013-f361391c4cff,28,999-10-8743,Chi,Greenfelder,unknown,white,M,1060 Bernhard Crossroad Suite 15,Boston,"Acetaminophen 325 MG Oral Tablet, amLODIPine 2.5 MG Oral Tablet, lisinopril 10 MG Oral Tablet, Hydrochlorothiazide 25 MG Oral Tablet",Hypertension,
3,d488232e-bf14-4bed-08c0-a82f34b6a197,23,999-56-6057,Phillis,Walter,unknown,white,F,677 Ritchie Terrace,Hingham,"Acetaminophen 325 MG Oral Tablet, Amoxicillin 250 MG / Clavulanate 125 MG Oral Tablet","Viral sinusitis (disorder), Acute bronchitis (disorder)",
4,217f95a3-4e10-bd5d-fb67-0cfb5e8ba075,32,999-91-4320,Jerrold,Herzog,married,black,M,276 Bernier Branch,Revere,Naproxen sodium 220 MG Oral Tablet,,
5,23d16ee3-8cd4-eeb8-e77e-1e5fbf4c4159,35,999-60-9905,Rodrigo,Arellano,married,black,M,538 Crona Underpass,Revere,"Acetaminophen 325 MG Oral Tablet, Amoxicillin 250 MG / Clavulanate 125 MG Oral Tablet, Ibuprofen 200 MG Oral Tablet","Viral sinusitis (disorder), Acute bronchitis (disorder)",
6,aade3c61-92bd-d079-9d28-0b2b7fde0fbb,40,999-93-3123,Sal,Hoppe,married,white,M,930 Goldner Stravenue Apt 8,Somerville,"Acetaminophen 325 MG Oral Tablet, Naproxen sodium 220 MG Oral Tablet, Acetaminophen 21.7 MG/ML / Dextromethorphan Hydrobromide 1 MG/ML / doxylamine succinate 0.417 MG/ML Oral Solution, Ibuprofen 200 MG Oral Tablet",Acute bronchitis (disorder),
7,0288c42c-43a1-9878-4a9d-6b96caa12c40,46,999-68-7908,Miki,Kozey,married,white,F,636 Stamm Gateway,Cambridge,"diphenhydrAMINE Hydrochloride 25 MG Oral Tablet, Phenazopyridine hydrochloride 100 MG Oral Tablet, NITROFURANTOIN  MACROCRYSTALS 50 MG Oral Capsule, Nitrofurantoin 5 MG/ML Oral Suspension, Acetaminophen 325 MG Oral Tablet [Tylenol]","Escherichia coli urinary tract infection, Cystitis",Cow's milk 
8,dc6c06d0-a7d8-100f-c08b-46c93700c188,19,999-30-6555,Taylor,Gulgowski,unknown,white,M,1037 Hills Extension,Springfield,"Ibuprofen 100 MG Oral Tablet, Penicillin V Potassium 250 MG Oral Tablet",Acute viral pharyngitis (disorder),
9,61a2fcc0-d679-764c-7d86-b885b2c4907f,33,999-98-2186,Erline,Metz,married,white,F,566 Rosenbaum Ferry,Holbrook,"Acetaminophen 325 MG Oral Tablet, Seasonique 91 Day Pack, 1 ML medroxyPROGESTERone acetate 150 MG/ML Injection",Acute bronchitis (disorder),
10,c0219ca9-576f-f7c2-9c44-de030e94969b,54,999-24-2120,Beatriz,Urías,married,white,F,497 Bahringer Crossing,Somerville,"Jolivette 28 Day Pack, Ibuprofen 200 MG Oral Tablet, Liletta 52 MG Intrauterine System, Amoxicillin 250 MG / Clavulanate 125 MG Oral Tablet, Mirena 52 MG Intrauterine System, Errin 28 Day Pack, Camila 28 Day Pack, Levora 0.15/30 28 Day Pack, Kyleena 19.5 MG Intrauterine System, Acetaminophen 21.7 MG/ML / Dextromethorphan Hydrobromide 1 MG/ML / doxylamine succinate 0.417 MG/ML Oral Solution","Viral sinusitis (disorder), Acute bronchitis (disorder)",
11,cb8c092a-99aa-6c9c-1ec1-660f0b00549d,35,999-74-6572,Kari,Douglas,married,white,F,413 Auer Burg Suite 64,Wellesley,"1 ML medroxyPROGESTERone acetate 150 MG/ML Injection, Acetaminophen 325 MG Oral Tablet, Yaz 28 Day Pack, Levora 0.15/30 28 Day Pack, Kyleena 19.5 MG Intrauterine System, 168 HR Ethinyl Estradiol 0.00146 MG/HR / norelgestromin 0.00625 MG/HR Transdermal System",,
12,97a20cf9-630d-939c-2f50-f13c434aee2f,42,999-16-8479,Mayme,Walter,married,white,F,441 Rodriguez Bridge,Boston,"NuvaRing 0.12/0.015 MG per 24HR 21 Day Vaginal Ring, Ibuprofen 200 MG Oral Tablet, Errin 28 Day Pack, Etonogestrel 68 MG Drug Implant, Acetaminophen 21.7 MG/ML / Dextromethorphan Hydrobromide 1 MG/ML / doxylamine succinate 0.417 MG/ML Oral Solution",Acute bronchitis (disorder),
13,961f61f8-ed32-f113-8450-192064b49aa9,23,999-91-5120,Jessia,Wisoky,unknown,white,F,106 Kerluke Rest Apt 5,Abington,"Penicillin V Potassium 250 MG Oral Tablet, Jolivette 28 Day Pack, amLODIPine 2.5 MG Oral Tablet, Kyleena 19.5 MG Intrauterine System, Acetaminophen 325 MG Oral Tablet, Hydrochlorothiazide 25 MG Oral Tablet, Yaz 28 Day Pack, Seasonique 91 Day Pack, lisinopril 10 MG Oral Tablet","Hypertension, Streptococcal sore throat (disorder), Acute bronchitis (disorder)",
14,9acc871f-b577-5530-b8ad-fa95b58cea25,41,999-59-7726,Lavinia,Heaney,married,white,F,446 Kreiger Route,Brookline,"Natazia 28 Day Pack, Naproxen sodium 220 MG Oral Tablet, Acetaminophen 21.7 MG/ML / Dextromethorphan Hydrobromide 1 MG/ML / doxylamine succinate 0.417 MG/ML Oral Solution, 1 ML medroxyPROGESTERone acetate 150 MG/ML Injection, Liletta 52 MG Intrauterine System, Trinessa 28 Day Pack, Hydrochlorothiazide 25 MG Oral Tablet, Phenazopyridine hydrochloride 100 MG Oral Tablet, Seasonique 91 Day Pack, Mirena 52 MG Intrauterine System, Nitrofurantoin 5 MG/ML Oral Suspension","Acute bronchitis (disorder), Escherichia coli urinary tract infection, Hypertension",
15,1d3d0ba6-5475-07c2-0b40-562ad75fdf26,66,999-26-4708,Laurena,Heidenreich,married,white,F,1039 Gerhold Ramp Apt 20,East Longmeadow,Simvastatin 10 MG Oral Tablet,Hyperlipidemia,
16,98e4223a-5ad8-94e0-2d73-ee5203dd4e2b,17,999-92-2908,Delfina,Parisian,unknown,asian,F,752 Heller Vale Apt 5,Everett,"Penicillin V Potassium 250 MG Oral Tablet, Naproxen sodium 220 MG Oral Tablet, Ibuprofen 100 MG Oral Tablet, atomoxetine 100 MG Oral Capsule, Acetaminophen 325 MG Oral Tablet, Acetaminophen 160 MG Chewable Tablet","Streptococcal sore throat (disorder), Child attention deficit disorder, Acute bronchitis (disorder)",
17,8fa5a097-1970-9370-4193-a7baa3d235b5,25,999-84-8860,Verla,Hamill,unknown,white,F,804 Mohr Lodge Apt 92,Everett,"Natazia 28 Day Pack, Ibuprofen 200 MG Oral Tablet, Acetaminophen 500 MG Oral Tablet, Abuse-Deterrent 12 HR Oxycodone Hydrochloride 10 MG Extended Release Oral Tablet [Oxycontin], 0.4 ML Enoxaparin sodium 100 MG/ML Prefilled Syringe, Errin 28 Day Pack, NDA020503 200 ACTUAT Albuterol 0.09 MG/ACTUAT Metered Dose Inhaler, Acetaminophen 325 MG Oral Tablet, Yaz 28 Day Pack, Seasonique 91 Day Pack, Acetaminophen 325 MG / Oxycodone Hydrochloride 10 MG Oral Tablet [Percocet], 1 ML Enoxaparin sodium 150 MG/ML Prefilled Syringe","Hypoxemia (disorder), Acute bronchitis (disorder), Acute deep venous thrombosis (disorder)",
18,8c2d5e9b-0717-9616-beb9-21296a5b547d,65,999-50-8690,Zelda,Ernser,single,white,F,874 Skiles Club,Haverhill,"Penicillin V Potassium 500 MG Oral Tablet, Naproxen sodium 220 MG Oral Tablet, NDA020503 200 ACTUAT Albuterol 0.09 MG/ACTUAT Metered Dose Inhaler, 120 ACTUAT Fluticasone propionate 0.044 MG/ACTUAT Metered Dose Inhaler","Osteoarthritis of hip, Streptococcal sore throat (disorder), Childhood asthma",
19,a7624ac9-6308-e015-1c5c-115c97c631fe,66,999-16-7928,Esther,Runolfsson,married,white,F,389 Mraz Pathway Apt 38,Waltham,"Naproxen sodium 220 MG Oral Tablet, Chlorpheniramine Maleate 2 MG/ML Oral Solution, Amoxicillin 250 MG / Clavulanate 125 MG Oral Tablet, NDA020503 200 ACTUAT Albuterol 0.09 MG/ACTUAT Metered Dose Inhaler, 120 ACTUAT Fluticasone propionate 0.044 MG/ACTUAT Metered Dose Inhaler, Simvastatin 10 MG Oral Tablet","Viral sinusitis (disorder), Childhood asthma, Osteoarthritis of knee, Hyperlipidemia","Mold , Aspirin, Cow's milk , House dust mite , Animal dander , Tree pollen "
20,122b4063-18dc-f20f-204c-6f2da758717b,7,999-63-4674,Carlota,Morales,unknown,white,F,990 Morissette Parade,Boston,Amoxicillin 250 MG / Clavulanate 125 MG Oral Tablet,Viral sinusitis (disorder),
21,33c2ca32-ae38-66c5-474f-83273568906e,70,999-85-9194,Franklyn,Tromp,married,white,M,394 Weissnat Meadow,Georgetown,"Naproxen sodium 220 MG Oral Tablet, Warfarin Sodium 5 MG Oral Tablet, Verapamil Hydrochloride 40 MG, Amoxicillin 250 MG / Clavulanate 125 MG Oral Tablet, Digoxin 0.125 MG Oral Tablet","Viral sinusitis (disorder), Osteoarthritis of knee",
22,57b53310-98a9-f011-69c0-02068c37d83b,53,999-37-8837,Tommye,Simonis,married,white,F,893 McGlynn Street,Plymouth,"remifentanil 2 MG Injection, Sodium Chloride 9 MG/ML Injectable Solution, Midazolam 1 MG/ML Injectable Solution, 1 ML heparin sodium  porcine 5000 UNT/ML Injection, Meperidine Hydrochloride 50 MG Oral Tablet, Liletta 52 MG Intrauterine System, 1 ML Morphine Sulfate 5 MG/ML Injection, 100 ML Propofol 10 MG/ML Injection, Rocuronium bromide 10 MG/ML Injectable Solution, Camila 28 Day Pack, Vitamin B 12 5 MG/ML Injectable Solution, Yaz 28 Day Pack, Seasonique 91 Day Pack, Isoflurane 999 MG/ML Inhalant Solution, Piperacillin 4000 MG / tazobactam 500 MG Injection, 2 ML Ondansetron 2 MG/ML Injection",,
23,c9b4f8c6-d7be-6563-0560-c90cfe6b12ca,22,999-17-8551,Pei,Williamson,unknown,white,F,996 Kemmer Port Unit 36,Woburn,"Naproxen sodium 220 MG Oral Tablet, Natazia 28 Day Pack, NDA020800 0.3 ML Epinephrine 1 MG/ML Auto-Injector, 1 ML medroxyprogesterone acetate 150 MG/ML Injection, Levora 0.15/30 28 Day Pack, Fexofenadine hydrochloride 30 MG Oral Tablet, Acetaminophen 21.7 MG/ML / Dextromethorphan Hydrobromide 1 MG/ML / doxylamine succinate 0.417 MG/ML Oral Solution, Ibuprofen 400 MG Oral Tablet [Ibu]",Acute bronchitis (disorder),"Shellfish , Aspirin"
24,1f528581-7613-2b96-dce3-68c7cf967ea1,41,999-82-4137,Bonita,Bernier,married,white,F,377 Sauer Rapid Apt 46,Whitman,"Hydrocortisone 10 MG/ML Topical Cream, NDA020800 0.3 ML Epinephrine 1 MG/ML Auto-Injector, Etonogestrel 68 MG Drug Implant, Yaz 28 Day Pack, 1 ML medroxyprogesterone acetate 150 MG/ML Injection, cetirizine hydrochloride 10 MG Oral Tablet, Seasonique 91 Day Pack",Contact dermatitis,cefdinir
25,1cfa5a70-7f3c-4227-5cf1-e182fcff4cd4,67,999-24-1375,Alaine,Willms,married,white,F,112 Metz Track,Quincy,"piperacillin 2000 MG / tazobactam 250 MG Injection, Amoxicillin 250 MG / Clavulanate 125 MG Oral Tablet, 150 ML vancomycin 5 MG/ML Injection, Acetaminophen 325 MG Oral Tablet, Alendronic acid 10 MG Oral Tablet, 24 HR Metformin hydrochloride 500 MG Extended Release Oral Tablet","Sepsis (disorder), Diabetes, Viral sinusitis (disorder), Acute bronchitis (disorder)",
26,2f031d4a-b070-ce15-6372-30c8fecf1164,31,999-47-2075,Magdalene,Orn,single,asian,F,206 Harber Meadow,Lexington,"Jolivette 28 Day Pack, Naproxen sodium 220 MG Oral Tablet, NDA020800 0.3 ML Epinephrine 1 MG/ML Auto-Injector, amLODIPine 2.5 MG Oral Tablet, Etonogestrel 68 MG Drug Implant, Phenazopyridine hydrochloride 100 MG Oral Tablet, Acetaminophen 325 MG / Oxycodone Hydrochloride 5 MG Oral Tablet, Seasonique 91 Day Pack, 168 HR Ethinyl Estradiol 0.00146 MG/HR / norelgestromin 0.00625 MG/HR Transdermal System, Loratadine 5 MG Chewable Tablet, Nitrofurantoin 5 MG/ML Oral Suspension, lisinopril 10 MG Oral Tablet","Hypertension, Cystitis","Mold , Wheat , Grass pollen , Shellfish , Fish , Eggs  , House dust mite , Animal dander , Tree pollen "
27,9a632ddc-b352-6dd7-0fb3-916fde80c9a3,37,999-66-5814,Shaun,Dickens,married,white,M,484 Bernier Orchard,Lunenburg,"Naproxen sodium 220 MG Oral Tablet, Cefuroxime 250 MG Oral Tablet, Ibuprofen 200 MG Oral Tablet",,
28,56bf1a47-8065-1ba5-6d8c-430b37a621bf,18,999-56-2288,Denny,Watsica,unknown,asian,M,112 Hintz Annex Unit 63,Concord,"cetirizine hydrochloride 5 MG Oral Tablet, NDA020800 0.3 ML Epinephrine 1 MG/ML Auto-Injector, Amoxicillin 250 MG / Clavulanate 125 MG Oral Tablet, Acetaminophen 160 MG Chewable Tablet, predniSONE 5 MG Oral Tablet",Viral sinusitis (disorder),"Mold , Grass pollen , Shellfish , Fish , House dust mite , Animal dander , Tree nut "
29,7d1a0d44-6f3e-2cd5-3347-0d97e5b57612,45,999-18-4055,Doyle,Johns,married,white,M,828 Jaskolski Well Apt 88,Reading,Acetaminophen 325 MG Oral Tablet,Acute bronchitis (disorder),
30,8bf6aa92-645f-3c82-ddcd-5851496a6aa8,59,999-57-2811,Ethelyn,Vandervort,married,white,F,372 Jakubowski Vista Unit 76,Easton,"Naproxen sodium 220 MG Oral Tablet, Alteplase 100 MG Injection, Meperidine Hydrochloride 50 MG Oral Tablet, Carboplatin 10 MG/ML Injectable Solution, Acetaminophen 325 MG Oral Tablet, Clopidogrel 75 MG Oral Tablet, Paclitaxel 100 MG Injection","Malignant neoplasm of breast (disorder), Acute bronchitis (disorder)",
31,f0660412-c40e-4d5c-5b11-08b6da289331,51,999-42-9701,Terry,King,married,white,M,827 Kling Burg Suite 32,Buzzards Bay,"lisinopril 10 MG Oral Tablet, NDA020503 200 ACTUAT Albuterol 0.09 MG/ACTUAT Metered Dose Inhaler, 120 ACTUAT Fluticasone propionate 0.044 MG/ACTUAT Metered Dose Inhaler","Childhood asthma, Hypertension",
32,53cc5b94-3c84-3ecf-ae94-f98203e3d8ba,12,999-85-1461,Elwood,Gottlieb,unknown,white,M,289 Mraz Knoll,Braintree,"cetirizine hydrochloride 5 MG Oral Tablet, NDA020800 0.3 ML Epinephrine 1 MG/ML Auto-Injector, Ibuprofen 100 MG Oral Tablet, predniSONE 5 MG Oral Tablet, Acetaminophen 21.7 MG/ML / Dextromethorphan Hydrobromide 1 MG/ML / doxylamine succinate 0.417 MG/ML Oral Solution, Amoxicillin 500 MG Oral Tablet",Acute bronchitis (disorder),"Mold , Wheat , Grass pollen , Soya bean , House dust mite , Animal dander , Tree pollen , Tree nut "
33,060e72d3-912e-55cd-0c92-5faa6cb7a6db,57,999-66-6825,Benny,Tillman,single,white,M,941 Rodriguez Trace Suite 61,Quincy,"Naproxen sodium 220 MG Oral Tablet, amLODIPine 2.5 MG Oral Tablet, Amoxicillin 250 MG / Clavulanate 125 MG Oral Tablet, Vitamin B 12 5 MG/ML Injectable Solution, insulin human  isophane 70 UNT/ML / Regular Insulin  Human 30 UNT/ML Injectable Suspension [Humulin], lisinopril 10 MG Oral Tablet","Viral sinusitis (disorder), Diabetes, Hypertension",
34,18f70d07-28a0-17f3-2605-bf21cceb194b,6,999-52-7055,Ernestina,Fahey,unknown,white,F,631 Muller Junction Apt 77,Cambridge,Penicillin V Potassium 250 MG Oral Tablet,Acute viral pharyngitis (disorder),
35,a7b903a5-5c6f-3f5e-4035-62d94b0b52b3,30,999-21-2434,Lavonia,Abernathy,unknown,white,F,702 Hane Boulevard,Medford,"lisinopril 10 MG Oral Tablet, amLODIPine 2.5 MG Oral Tablet, Hydrochlorothiazide 25 MG Oral Tablet, Camila 28 Day Pack, Yaz 28 Day Pack, 1 ML medroxyprogesterone acetate 150 MG/ML Injection, Seasonique 91 Day Pack, Ibuprofen 400 MG Oral Tablet [Ibu]",Hypertension,
36,63198606-7c07-e63a-42a3-2f47419c881c,11,999-39-5566,Rashida,Murray,unknown,white,F,400 Crooks Orchard,Everett,"Penicillin V Potassium 250 MG Oral Tablet, Acetaminophen 160 MG Chewable Tablet, Amoxicillin 500 MG Oral Tablet",Streptococcal sore throat (disorder),
37,2dacba2b-f4f3-9726-0f13-2f1a87f69bba,38,999-31-2745,Margarite,Boyer,married,white,F,340 Ullrich Viaduct Unit 53,Waltham,"amLODIPine 2.5 MG Oral Tablet, Vitamin B 12 5 MG/ML Injectable Solution, Camila 28 Day Pack, Acetaminophen 325 MG Oral Tablet, Phenazopyridine hydrochloride 100 MG Oral Tablet, Nitrofurantoin 5 MG/ML Oral Suspension, lisinopril 10 MG Oral Tablet","Acute bronchitis (disorder), Hypertension, Cystitis",
38,7d28d76a-9ac8-67b4-3c88-0a75be3d0851,57,999-55-6195,Erna,Robel,married,white,F,974 Nienow Fork,Lynn,"Jolivette 28 Day Pack, Sodium Chloride 9 MG/ML Injectable Solution, duloxetine 20 MG Delayed Release Oral Capsule, Midazolam 1 MG/ML Injectable Solution, 1 ML heparin sodium  porcine 5000 UNT/ML Injection, Mirena 52 MG Intrauterine System, 1 ML Morphine Sulfate 5 MG/ML Injection, 100 ML Propofol 10 MG/ML Injection, Piperacillin 4000 MG / tazobactam 500 MG Injection, Milnacipran hydrochloride 100 MG Oral Tablet, Rocuronium bromide 10 MG/ML Injectable Solution, 5 ML SUFentanil 0.05 MG/ML Injection, Acetaminophen 325 MG / HYDROcodone Bitartrate 7.5 MG Oral Tablet, Acetaminophen 325 MG Oral Tablet, Seasonique 91 Day Pack, Isoflurane 999 MG/ML Inhalant Solution, Naproxen 500 MG Oral Tablet, 2 ML Ondansetron 2 MG/ML Injection","Primary fibromyalgia syndrome, Acute bronchitis (disorder)",
39,307b6419-5147-4716-10b1-bb458ac191c3,22,999-53-6468,Micheal,Shields,unknown,white,F,933 Jast Plaza,Fairhaven,"Natazia 28 Day Pack, NDA020800 0.3 ML Epinephrine 1 MG/ML Auto-Injector, NDA020503 200 ACTUAT Albuterol 0.09 MG/ACTUAT Metered Dose Inhaler, Hydrochlorothiazide 25 MG Oral Tablet, Levora 0.15/30 28 Day Pack, predniSONE 5 MG Oral Tablet, 120 ACTUAT Fluticasone propionate 0.044 MG/ACTUAT Metered Dose Inhaler, Loratadine 5 MG Chewable Tablet, lisinopril 10 MG Oral Tablet","Childhood asthma, Hypertension","Mold , Grass pollen , Eggs  , Latex , House dust mite , Animal dander "
40,0afb59a5-12cb-3b6a-eead-3a72d24fb678,45,999-49-6212,Hershel,Lang,single,white,M,976 Abernathy Fort Unit 80,Holbrook,"Amoxicillin 250 MG / Clavulanate 125 MG Oral Tablet, Acetaminophen 21.7 MG/ML / Dextromethorphan Hydrobromide 1 MG/ML / doxylamine succinate 0.417 MG/ML Oral Solution","Viral sinusitis (disorder), Acute bronchitis (disorder)",
41,38565670-114d-6c46-50b9-76bbffb16ffb,55,999-61-2551,Christal,Glover,married,white,F,448 Davis Drive Unit 60,Lawrence,"Jolivette 28 Day Pack, Acetaminophen 21.7 MG/ML / Dextromethorphan Hydrobromide 1 MG/ML / doxylamine succinate 0.417 MG/ML Oral Solution, Trinessa 28 Day Pack, Acetaminophen 325 MG Oral Tablet, Camila 28 Day Pack, Etonogestrel 68 MG Drug Implant, Acetaminophen 325 MG / Oxycodone Hydrochloride 10 MG Oral Tablet [Percocet], Ibuprofen 400 MG Oral Tablet [Ibu]",Acute bronchitis (disorder),
42,6a6a1b30-9966-bd68-e732-b7ce2c0b6ade,12,999-17-5887,Roberto,Quiroz,unknown,white,M,759 Schimmel Hollow Unit 24,Haverhill,Penicillin V Potassium 250 MG Oral Tablet,Streptococcal sore throat (disorder),
43,be82309d-1a8f-df82-4cd6-5f03e1060e8e,56,999-49-3900,Felton,Pouros,married,white,M,805 Greenfelder Heights,Shirley,"Vitamin B 12 5 MG/ML Injectable Solution, Naproxen sodium 220 MG Oral Tablet, diphenhydrAMINE Hydrochloride 25 MG Oral Tablet, insulin human  isophane 70 UNT/ML / Regular Insulin  Human 30 UNT/ML Injectable Suspension [Humulin]","Osteoarthritis of hip, Diabetes","Mold , Grass pollen , House dust mite , Animal dander , Tree pollen "
44,5e2cd800-901b-55d3-edf4-ab6e3c7524ff,43,999-31-9450,Jonathon,Rice,single,white,M,856 Corkery Ferry Apt 50,Somerville,Amoxicillin 250 MG / Clavulanate 125 MG Oral Tablet,Viral sinusitis (disorder),
45,f93c78a3-57b8-4858-cad5-e449f26e3857,17,999-80-8776,Man,Halvorson,unknown,white,M,644 Abshire Park Suite 19,Brockton,"Penicillin V Potassium 250 MG Oral Tablet, Acetaminophen 160 MG Chewable Tablet, Acetaminophen 325 MG Oral Tablet","Streptococcal sore throat (disorder), Acute bronchitis (disorder)",
46,62bb08df-1e20-441c-6fea-94c47a30690a,45,999-86-6189,Leonie,Monahan,married,white,F,497 Hegmann Gateway Suite 26,Newburyport,"amLODIPine 2.5 MG Oral Tablet, Hydrochlorothiazide 25 MG Oral Tablet, Yaz 28 Day Pack, 1 ML medroxyprogesterone acetate 150 MG/ML Injection, Levora 0.15/30 28 Day Pack, Kyleena 19.5 MG Intrauterine System, Ibuprofen 400 MG Oral Tablet [Ibu], lisinopril 10 MG Oral Tablet",Hypertension,
47,d1822991-eb4f-aafe-6a88-cd5279b4385b,9,999-39-2759,Solomon,Moore,unknown,white,M,948 Wilkinson Passage,Lancaster,"Ibuprofen 100 MG Oral Tablet, 3 ML Amiodarone hydrocholoride 50 MG/ML Prefilled Syringe, Acetaminophen 325 MG Oral Tablet, 1 ML Epinephrine 1 MG/ML Injection, Acetaminophen 160 MG Chewable Tablet, Amoxicillin 500 MG Oral Tablet, Atropine Sulfate 1 MG/ML Injectable Solution",Acute bronchitis (disorder),
48,5b2f8ddd-408a-884c-00e9-047b13e6cc45,26,999-71-4100,Refugio,Ratke,unknown,white,M,692 Lakin View Unit 66,Lynn,"Penicillin V Potassium 250 MG Oral Tablet, Naproxen sodium 220 MG Oral Tablet, Abuse-Deterrent 12 HR Oxycodone Hydrochloride 15 MG Extended Release Oral Tablet, amLODIPine 2.5 MG Oral Tablet, Hydrochlorothiazide 25 MG Oral Tablet, Acetaminophen 300 MG / HYDROcodone Bitartrate 5 MG Oral Tablet, Acetaminophen 325 MG / Oxycodone Hydrochloride 5 MG Oral Tablet, lisinopril 10 MG Oral Tablet","Streptococcal sore throat (disorder), Acute viral pharyngitis (disorder), Hypertension",
49,afd63046-5213-0c98-561f-12e6725cd1f5,69,999-88-6383,Pattie,West,married,black,F,1020 Dibbert Crossroad,Belmont,"Acetaminophen 325 MG Oral Tablet, Acetaminophen 21.7 MG/ML / Dextromethorphan Hydrobromide 1 MG/ML / doxylamine succinate 0.417 MG/ML Oral Solution, Amoxicillin 250 MG / Clavulanate 125 MG Oral Tablet","Viral sinusitis (disorder), Acute bronchitis (disorder)",
50,ceec80e3-5c50-be88-198c-e98375c8e8a2,48,999-47-3565,Gerry,Treutel,married,white,M,830 Lebsack Brook,Boston,"Amoxicillin 250 MG / Clavulanate 125 MG Oral Tablet, lisinopril 10 MG Oral Tablet, amLODIPine 2.5 MG Oral Tablet","Viral sinusitis (disorder), Hypertension",
51,19e3f2b0-8fd1-a8ae-2767-f0c89005b8d2,15,999-97-1329,Keena,Balistreri,unknown,asian,F,938 Becker Common Unit 43,Revere,Acetaminophen 160 MG Chewable Tablet,,
52,3a74ce3c-442e-b4ef-fb10-560f58f8e613,29,999-49-2054,Leif,Williamson,unknown,white,M,131 Shanahan Hollow Unit 98,Amherst,"Hydrochlorothiazide 25 MG Oral Tablet, amLODIPine 2.5 MG Oral Tablet, Acetaminophen 325 MG Oral Tablet, lisinopril 10 MG Oral Tablet","Acute bronchitis (disorder), Hypertension",
53,3ff3637c-86a6-6d45-8e41-f1b2c96fbcf4,16,999-95-3226,Rosana,Kessler,unknown,white,F,276 Deckow Tunnel Unit 19,Lowell,"Penicillin V Potassium 250 MG Oral Tablet, Ibuprofen 100 MG Oral Tablet, Acetaminophen 325 MG Oral Tablet, Acetaminophen 160 MG Chewable Tablet, Amoxicillin 500 MG Oral Tablet","Streptococcal sore throat (disorder), Acute bronchitis (disorder)",
54,6b3a5686-0f63-5ce4-cc03-0bba2052f7b1,67,999-96-8207,Lashawnda,OHara,married,white,F,230 Robel Drive Suite 95,Lowell,"diphenhydrAMINE Hydrochloride 25 MG Oral Tablet, Amoxicillin 250 MG / Clavulanate 125 MG Oral Tablet, Phenazopyridine hydrochloride 100 MG Oral Tablet, Acetaminophen 21.7 MG/ML / Dextromethorphan Hydrobromide 1 MG/ML / doxylamine succinate 0.417 MG/ML Oral Solution, Nitrofurantoin 5 MG/ML Oral Suspension","Escherichia coli urinary tract infection, Viral sinusitis (disorder), Acute bronchitis (disorder)","Mold , Cow's milk , Latex , House dust mite , Animal dander , Tree pollen "
55,e70e7298-5026-74b0-505b-110dd1ce0af7,84,999-95-6406,Lyla,Braun,married,white,F,250 Senger Glen Suite 62,Canton,"Simvastatin 20 MG Oral Tablet, Amlodipine 5 MG Oral Tablet, Amoxicillin 250 MG / Clavulanate 125 MG Oral Tablet, Nitroglycerin 0.4 MG/ACTUAT Mucosal Spray, Clopidogrel 75 MG Oral Tablet",Sinusitis (disorder),
56,8761af66-90ad-7f7d-2102-58b767495473,34,999-65-6080,Jack,Barton,single,white,M,156 Haley Manor Unit 66,Medford,"Naproxen sodium 220 MG Oral Tablet, Meperidine Hydrochloride 50 MG Oral Tablet, Acetaminophen 21.7 MG/ML / Dextromethorphan Hydrobromide 1 MG/ML / doxylamine succinate 0.417 MG/ML Oral Solution, Acetaminophen 325 MG Oral Tablet",Acute bronchitis (disorder),
57,50aac3ff-d836-adfd-620d-662fa08fdf55,65,999-39-5007,Jacquelynn,Morar,married,white,F,638 Hamill Orchard,Holyoke,"Naproxen sodium 220 MG Oral Tablet, Verzenio 100 MG Oral Tablet, NDA020503 200 ACTUAT Albuterol 0.09 MG/ACTUAT Metered Dose Inhaler, 120 ACTUAT Fluticasone propionate 0.044 MG/ACTUAT Metered Dose Inhaler, Paclitaxel 100 MG Injection, anastrozole 1 MG Oral Tablet, Acetaminophen 300 MG / Hydrocodone Bitartrate 5 MG Oral Tablet, Ibuprofen 400 MG Oral Tablet [Ibu]","Localized  primary osteoarthritis of the hand, Malignant neoplasm of breast (disorder), Childhood asthma",
58,fcca54e8-5abe-cd71-30a0-464f15368bea,32,999-93-3994,Oneida,Stokes,married,white,F,1085 Grant Boulevard,Marblehead,"Natazia 28 Day Pack, NDA020800 0.3 ML Epinephrine 1 MG/ML Auto-Injector, 1 ML medroxyPROGESTERone acetate 150 MG/ML Injection, Trinessa 28 Day Pack, Amoxicillin 250 MG / Clavulanate 125 MG Oral Tablet, Acetaminophen 325 MG Oral Tablet, Camila 28 Day Pack, Etonogestrel 68 MG Drug Implant, Loratadine 5 MG Chewable Tablet",Viral sinusitis (disorder),Peanut 
59,c88891ca-5796-aca3-c67d-0b2043dd0463,18,999-76-2033,Alexander,Robel,unknown,white,M,337 Nicolas Light,Marshfield,"Methylphenidate Hydrochloride 20 MG Oral Tablet, Acetaminophen 160 MG Chewable Tablet, Acetaminophen 21.7 MG/ML / Dextromethorphan Hydrobromide 1 MG/ML / doxylamine succinate 0.417 MG/ML Oral Solution, Amoxicillin 500 MG Oral Tablet","Child attention deficit disorder, Acute bronchitis (disorder)",
60,a5ca099b-c28d-c0f4-653a-0d926051840a,6,999-43-1306,Kevin,Kautzer,unknown,white,M,538 Stroman Pathway Apt 39,Lynn,"Ibuprofen 100 MG Oral Tablet, Amoxicillin 500 MG Oral Tablet",,
61,0f235c70-d4a8-4a79-e124-eb3b6da274a0,34,999-69-3737,Dovie,Fay,married,white,F,194 Muller Mill Suite 76,Longmeadow,"Natazia 28 Day Pack, NuvaRing 0.12/0.015 MG per 24HR 21 Day Vaginal Ring, piperacillin 2000 MG / tazobactam 250 MG Injection, Liletta 52 MG Intrauterine System, Amoxicillin 250 MG / Clavulanate 125 MG Oral Tablet, Trinessa 28 Day Pack, 150 ML vancomycin 5 MG/ML Injection, Penicillin V Potassium 500 MG Oral Tablet, Yaz 28 Day Pack, Seasonique 91 Day Pack, Phenazopyridine hydrochloride 100 MG Oral Tablet, NITROFURANTOIN  MACROCRYSTALS 50 MG Oral Capsule, Nitrofurantoin 5 MG/ML Oral Suspension","Sepsis (disorder), Cystitis, Streptococcal sore throat (disorder), Viral sinusitis (disorder), Escherichia coli urinary tract infection",
62,e15d5c46-48a2-2364-2b4f-529ecbe0c956,55,999-43-7191,Edison,Hudson,single,white,M,946 Reichert Arcade Suite 67,Bourne,"piperacillin 2000 MG / tazobactam 250 MG Injection, 150 ML vancomycin 5 MG/ML Injection, 4 ML norepinephrine 1 MG/ML Injection, clonazePAM 0.25 MG Oral Tablet, Ibuprofen 400 MG Oral Tablet [Ibu]",Sepsis (disorder),
63,97899f1d-9c3b-2b90-17b8-400c11ab8f0f,56,999-92-9590,Alberta,Waters,single,white,F,246 Boyle Heights Apt 11,Woburn,"Ibuprofen 200 MG Oral Tablet, Acetaminophen 325 MG / Oxycodone Hydrochloride 10 MG Oral Tablet [Percocet], Kyleena 19.5 MG Intrauterine System, Yaz 28 Day Pack, Etonogestrel 68 MG Drug Implant, Mirena 52 MG Intrauterine System, Ibuprofen 400 MG Oral Tablet [Ibu], Acetaminophen 325 MG Oral Tablet [Tylenol]",,
64,87daa935-0fc8-61cf-9e00-b8540c292903,66,999-51-1827,Collin,Becker,single,white,M,727 O'Kon Green Suite 87,Methuen,"Hydrochlorothiazide 25 MG Oral Tablet, Alendronic acid 10 MG Oral Tablet",Hypertension,
65,81b2098d-e476-7d41-46b1-1c86fa027785,70,999-19-9446,Isa,Gorczany,married,white,F,722 Jenkins Harbor,North Plymouth,"Vitamin B 12 5 MG/ML Injectable Solution, Penicillin V Potassium 500 MG Oral Tablet, Ibuprofen 400 MG Oral Tablet [Ibu], Acetaminophen 325 MG Oral Tablet",Streptococcal sore throat (disorder),
66,e984f023-1987-15a9-f24b-f980ce800206,50,999-12-5073,Starla,Collier,married,white,F,754 Moore Road Apt 77,Scituate,"1 ML medroxyPROGESTERone acetate 150 MG/ML Injection, Trinessa 28 Day Pack, Acetaminophen 300 MG / Codeine Phosphate 15 MG Oral Tablet, Kyleena 19.5 MG Intrauterine System, Seasonique 91 Day Pack, 168 HR Ethinyl Estradiol 0.00146 MG/HR / norelgestromin 0.00625 MG/HR Transdermal System, Ibuprofen 400 MG Oral Tablet [Ibu]",,
67,e92c1f65-ac3e-4732-1199-fcaefa803406,56,999-37-5672,Ernesto,Jaramillo,single,white,M,508 Mueller Center Apt 38,Winthrop,Chlorpheniramine Maleate 2 MG/ML Oral Solution,,"Lisinopril, Ibuprofen"
68,e000e5c8-30f7-7a53-a324-7f3e431ba008,56,999-63-3223,Cletus,Bartell,married,white,M,417 Jacobson Wynd,Amherst,"piperacillin 2000 MG / tazobactam 250 MG Injection, Ibuprofen 200 MG Oral Tablet, Amoxicillin 250 MG Oral Capsule, Meperidine Hydrochloride 50 MG Oral Tablet, 150 ML vancomycin 5 MG/ML Injection, 3 ML Amiodarone hydrocholoride 50 MG/ML Prefilled Syringe, 4 ML norepinephrine 1 MG/ML Injection, Acetaminophen 325 MG Oral Tablet, 1 ML Epinephrine 1 MG/ML Injection, tramadol hydrochloride 50 MG Oral Tablet, Acetaminophen 21.7 MG/ML / Dextromethorphan Hydrobromide 1 MG/ML / doxylamine succinate 0.417 MG/ML Oral Solution, Atropine Sulfate 1 MG/ML Injectable Solution, Acetaminophen 325 MG Oral Tablet [Tylenol]","Sepsis (disorder), Acute bronchitis (disorder)",
69,f7a3acd9-1c09-59d6-dbaa-079164cbe703,50,999-36-1674,Emerson,Frami,married,white,M,213 Weissnat Port Apt 83,Taunton,"Hydrochlorothiazide 25 MG Oral Tablet, Acetaminophen 21.7 MG/ML / Dextromethorphan Hydrobromide 1 MG/ML / doxylamine succinate 0.417 MG/ML Oral Solution, Ibuprofen 200 MG Oral Tablet, Acetaminophen 325 MG Oral Tablet","Acute bronchitis (disorder), Hypertension",
70,74b7fc31-8223-c477-0ec9-5b2ceea7c28f,55,999-32-8750,Isiah,Jacobs,married,black,M,856 Gerlach Branch,Canton,"Alteplase 100 MG Injection, Naproxen sodium 220 MG Oral Tablet, diphenhydrAMINE Hydrochloride 25 MG Oral Tablet, Clopidogrel 75 MG Oral Tablet",,"Mold , Aspirin"
71,78a50f0f-cce6-17f0-cc9f-bd605ce78292,41,999-96-2106,Mardell,Legros,married,white,F,365 Prosacco Byway,Cohasset,"Vitamin B 12 5 MG/ML Injectable Solution, Jolivette 28 Day Pack, ferrous sulfate 325 MG Oral Tablet, Errin 28 Day Pack",,
72,b45719be-ad92-ca35-29be-daaacf4f258b,60,999-63-7968,Pierre,Collins,married,white,M,568 Stokes Course Unit 49,Boston,"Hydrochlorothiazide 25 MG Oral Tablet, Amoxicillin 250 MG / Clavulanate 125 MG Oral Tablet, Naproxen sodium 220 MG Oral Tablet, Acetaminophen 325 MG Oral Tablet","Acute bronchitis (disorder), Viral sinusitis (disorder), Hypertension",
73,fab540db-3bc8-bbf8-69bc-5d8a9dbb752f,5,999-66-3827,Charlsie,Jacobson,unknown,white,F,122 Hyatt Fort,Royalston,"Ibuprofen 100 MG Oral Tablet, Cefuroxime 250 MG Oral Tablet",,
74,54e10ce1-0444-aa9d-a915-1d576a6a0f70,68,999-96-5910,Todd,Breitenberg,single,white,M,259 Lakin Terrace Apt 27,Yarmouth,"Acetaminophen 325 MG / Oxycodone Hydrochloride 5 MG Oral Tablet, Simvastatin 10 MG Oral Tablet",Hyperlipidemia,
75,fa311677-035c-7329-3dec-2a01c9afd965,67,999-58-2537,Jeremy,Witting,married,asian,M,941 Robel Vista,Plainville,"Hydrochlorothiazide 25 MG Oral Tablet, Naproxen sodium 220 MG Oral Tablet, lisinopril 10 MG Oral Tablet",Hypertension,
76,899c3251-4ec5-8102-957c-e89acd5b921a,57,999-93-3935,Lakeesha,Romaguera,married,white,F,651 Terry Brook,Newton,"NuvaRing 0.12/0.015 MG per 24HR 21 Day Vaginal Ring, ferrous sulfate 325 MG Oral Tablet, Acetaminophen 21.7 MG/ML / Dextromethorphan Hydrobromide 1 MG/ML / doxylamine succinate 0.417 MG/ML Oral Solution, Alteplase 100 MG Injection, Ibuprofen 200 MG Oral Tablet, amLODIPine 2.5 MG Oral Tablet, Errin 28 Day Pack, Hydrochlorothiazide 25 MG Oral Tablet, Acetaminophen 325 MG Oral Tablet [Tylenol], Mirena 52 MG Intrauterine System, Clopidogrel 75 MG Oral Tablet, lisinopril 10 MG Oral Tablet","Acute bronchitis (disorder), Hypertension",
77,0fc183b2-8b93-ec17-d2fc-e703b373c9d7,55,999-47-5593,Barbara,Soliz,married,white,F,342 Gleason Alley Unit 65,Salem,"lisinopril 10 MG Oral Tablet, Ibuprofen 200 MG Oral Tablet, amLODIPine 2.5 MG Oral Tablet, Methotrexate 2.5 MG Oral Tablet, Amoxicillin 250 MG / Clavulanate 125 MG Oral Tablet, Naproxen 500 MG Oral Tablet, Hydrochlorothiazide 25 MG Oral Tablet, tramadol hydrochloride 50 MG Oral Tablet, Acetaminophen 300 MG / Hydrocodone Bitartrate 5 MG Oral Tablet, Ibuprofen 400 MG Oral Tablet [Ibu]","Rheumatoid arthritis, Viral sinusitis (disorder), Hypertension",
78,add236d5-0131-8a3f-8b55-a081df83922e,28,999-49-5374,Darline,Ondricka,unknown,white,F,1057 Okuneva Promenade,Peabody,"Naproxen sodium 220 MG Oral Tablet, Natazia 28 Day Pack, amLODIPine 2.5 MG Oral Tablet, Yaz 28 Day Pack, Seasonique 91 Day Pack",Hypertension,
79,d2f61dcd-764f-619a-a60e-dc4a23eb3d53,27,999-58-5537,Molly,Carroll,unknown,white,F,875 Rutherford Fort Unit 44,Waltham,"Jolivette 28 Day Pack, Natazia 28 Day Pack, Abuse-Deterrent 12 HR Oxycodone Hydrochloride 10 MG Extended Release Oral Tablet [Oxycontin], Amoxicillin 250 MG / Clavulanate 125 MG Oral Tablet, Trinessa 28 Day Pack, 1 ML medroxyprogesterone acetate 150 MG/ML Injection, 72 HR Fentanyl 0.025 MG/HR Transdermal System, Seasonique 91 Day Pack, Acetaminophen 300 MG / Hydrocodone Bitartrate 5 MG Oral Tablet, 12 HR Hydrocodone Bitartrate 10 MG Extended Release Oral Capsule",Viral sinusitis (disorder),
80,a74d0e94-a25c-e5b1-3d27-d23552bd29f1,11,999-88-1125,Sydney,OHara,unknown,white,M,156 Muller Ferry,Gloucester,"Ibuprofen 100 MG Oral Tablet, Acetaminophen 160 MG Chewable Tablet, Amoxicillin 500 MG Oral Tablet",,
81,5136cc20-a63c-c7c8-00ae-fc5fa86be863,83,999-36-4286,Lavern,OKon,married,black,M,885 Bernier Run Apt 52,Pembroke,"Penicillin V Potassium 500 MG Oral Tablet, Ibuprofen 200 MG Oral Tablet, Acetaminophen 325 MG Oral Tablet","Streptococcal sore throat (disorder), Acute bronchitis (disorder)",
82,d7b59f8c-fe04-46a1-de11-1ca3bd0d58e9,27,999-69-5975,Tad,Pagac,unknown,black,M,934 Runolfsson Village Unit 4,Hatfield,"Acetaminophen 325 MG Oral Tablet, Hydrochlorothiazide 25 MG Oral Tablet","Hypertension, Acute bronchitis (disorder)",
83,2a98d763-bdbc-f524-31b7-23712dc08894,55,999-98-3790,Maxwell,Littel,married,asian,M,478 Williamson Manor Apt 67,Middleborough Center,"Acetaminophen 325 MG Oral Tablet, Amoxicillin 250 MG / Clavulanate 125 MG Oral Tablet, Acetaminophen 325 MG / HYDROcodone Bitartrate 7.5 MG Oral Tablet, Naproxen sodium 220 MG Oral Tablet","Viral sinusitis (disorder), Acute bronchitis (disorder)","Mold , Fish "
84,c1c5bcd1-d232-8de3-7e0f-3ef13280455c,30,999-70-1217,Delmy,Shanahan,unknown,white,F,930 King Stravenue,Agawam,"Acetaminophen 325 MG Oral Tablet, Amoxicillin 250 MG / Clavulanate 125 MG Oral Tablet, Mirena 52 MG Intrauterine System, Levora 0.15/30 28 Day Pack","Viral sinusitis (disorder), Acute bronchitis (disorder)",
85,b3e07511-608d-0034-f354-fab0ea176917,6,999-37-2238,Gustavo,Rael,unknown,white,M,941 Kihn Dam Apt 22,Weymouth,Ibuprofen 100 MG Oral Tablet,,
86,e7d52393-d28b-96d3-fe60-5a19ef9ce171,78,999-63-5635,Javier,Greenfelder,married,white,M,672 Cremin Divide Suite 83,Somerville,"12 HR Hydrocodone Bitartrate 10 MG Extended Release Oral Capsule, Hydrochlorothiazide 25 MG Oral Tablet, Acetaminophen 325 MG Oral Tablet, tramadol hydrochloride 50 MG Oral Tablet, Simvastatin 10 MG Oral Tablet, Alendronic acid 10 MG Oral Tablet, lisinopril 10 MG Oral Tablet","Acute bronchitis (disorder), Hypertension, Hyperlipidemia","Tree nut , Animal dander "
87,69bb7f3e-31ab-fee6-9ab6-4a83c24df020,19,999-56-5204,Emilia,Lemus,unknown,white,F,530 Ortiz Divide Apt 24,Worcester,"Acetaminophen 325 MG Oral Tablet, Levora 0.15/30 28 Day Pack",Acute bronchitis (disorder),
88,be86cb71-0481-f2c6-c89b-e8ea1136a893,69,999-21-8577,Isadora,Tremblay,single,white,F,207 Dooley Orchard,Ipswich,"Vitamin B 12 5 MG/ML Injectable Solution, Amoxicillin 250 MG / Clavulanate 125 MG Oral Tablet","Viral sinusitis (disorder), Acute bacterial sinusitis (disorder)",
89,71a8b156-760b-df6b-859e-eefc7932a526,11,999-12-3038,Adriana,Hintz,unknown,white,F,455 Bayer Rapid Suite 75,Boston,"Penicillin V Potassium 250 MG Oral Tablet, Cefuroxime 250 MG Oral Tablet, Ibuprofen 100 MG Oral Tablet",Streptococcal sore throat (disorder),
90,63d20fbe-d046-cc9f-59b7-c51c073583c1,82,999-67-9678,Roselia,Kilback,married,white,F,445 Stark Dale,Worcester,"Naproxen sodium 220 MG Oral Tablet, Acetaminophen 325 MG / oxyCODONE Hydrochloride 5 MG Oral Tablet, Meperidine Hydrochloride 50 MG Oral Tablet, Amoxicillin 250 MG / Clavulanate 125 MG Oral Tablet, Simvastatin 10 MG Oral Tablet, Alendronic acid 10 MG Oral Tablet","Viral sinusitis (disorder), Hyperlipidemia",Shellfish 
91,2aeeff83-dd7a-e599-6199-35b39c614293,43,999-20-4922,Grady,Predovic,married,white,M,752 Schuppe Wynd,Boston,"Naproxen sodium 220 MG Oral Tablet, amLODIPine 2.5 MG Oral Tablet, lisinopril 10 MG Oral Tablet",Hypertension,
92,6ab08a28-1670-be6a-f2c9-f2e248700836,25,999-15-4276,Ermelinda,Kerluke,unknown,white,F,184 Dooley Annex Unit 31,Amherst,"Jolivette 28 Day Pack, amLODIPine 2.5 MG Oral Tablet, Penicillin V Potassium 500 MG Oral Tablet, Amoxicillin 250 MG / Clavulanate 125 MG Oral Tablet, Errin 28 Day Pack, Acetaminophen 325 MG Oral Tablet, Hydrochlorothiazide 25 MG Oral Tablet, Seasonique 91 Day Pack, lisinopril 10 MG Oral Tablet","Hypertension, Streptococcal sore throat (disorder), Viral sinusitis (disorder), Acute bronchitis (disorder)",
93,41ba25b8-f5ca-3bce-c26f-64b5ce13e525,55,999-59-7838,Lucius,Gerlach,married,white,M,665 Harris Highlands Apt 47,Methuen,"diphenhydrAMINE Hydrochloride 25 MG Oral Tablet, Acetaminophen 500 MG Oral Tablet, 0.4 ML Enoxaparin sodium 100 MG/ML Prefilled Syringe, NDA020503 200 ACTUAT Albuterol 0.09 MG/ACTUAT Metered Dose Inhaler, Hydrochlorothiazide 25 MG Oral Tablet, Acetaminophen 325 MG Oral Tablet, 120 ACTUAT Fluticasone propionate 0.044 MG/ACTUAT Metered Dose Inhaler, Acetaminophen 300 MG / Hydrocodone Bitartrate 5 MG Oral Tablet, Ibuprofen 400 MG Oral Tablet [Ibu], lisinopril 10 MG Oral Tablet","Childhood asthma, Hypertension",Aspirin
94,683fc157-3f75-3396-c034-a3fb4ec710fe,36,999-66-7811,Ian,Ledner,single,white,M,523 Hodkiewicz Camp Unit 29,Franklin,"Naproxen sodium 220 MG Oral Tablet, Simvastatin 20 MG Oral Tablet, Ibuprofen 200 MG Oral Tablet, Amlodipine 5 MG Oral Tablet, Nitroglycerin 0.4 MG/ACTUAT Mucosal Spray, Acetaminophen 325 MG Oral Tablet, Clopidogrel 75 MG Oral Tablet, Acetaminophen 300 MG / Hydrocodone Bitartrate 5 MG Oral Tablet, Acetaminophen 325 MG Oral Tablet [Tylenol]",Acute bronchitis (disorder),
95,de08c2b0-05d0-ba6a-a515-d7d779aa5191,37,999-80-8701,Chase,Okuneva,married,white,M,622 Crist Skyway,Boston,"Penicillin V Potassium 500 MG Oral Tablet, 72 HR Fentanyl 0.025 MG/HR Transdermal System, Acetaminophen 21.7 MG/ML / Dextromethorphan Hydrobromide 1 MG/ML / doxylamine succinate 0.417 MG/ML Oral Solution, Acetaminophen 300 MG / Hydrocodone Bitartrate 5 MG Oral Tablet, 12 HR Hydrocodone Bitartrate 10 MG Extended Release Oral Capsule","Streptococcal sore throat (disorder), Acute bronchitis (disorder)",
96,3beee40e-512b-420f-38a3-28e56cddbc9b,73,999-52-7932,Lou,Crooks,married,white,M,581 Kassulke Trailer Unit 64,Heath,"amLODIPine 2.5 MG Oral Tablet, Chlorpheniramine Maleate 2 MG/ML Oral Solution, Vitamin B 12 5 MG/ML Injectable Solution, Acetaminophen 325 MG Oral Tablet, doxycycline hyclate 100 MG, 24 HR Metformin hydrochloride 500 MG Extended Release Oral Tablet, Acetaminophen 325 MG Oral Tablet [Tylenol]","Viral sinusitis (disorder), Diabetes, Hypertension","Mold , Grass pollen , Penicillin V, Eggs  , Animal dander , Tree pollen , Tree nut "
97,9e84e569-7adc-ff42-ccdb-9fe9c23842a6,80,999-92-3898,Armando,Hilll,married,white,M,397 Rodriguez Promenade Suite 93,Lynn,"ferrous sulfate 325 MG Oral Tablet, Warfarin Sodium 5 MG Oral Tablet, amLODIPine 2.5 MG Oral Tablet, Verapamil Hydrochloride 40 MG, Digoxin 0.125 MG Oral Tablet, Hydrochlorothiazide 25 MG Oral Tablet, insulin human  isophane 70 UNT/ML / Regular Insulin  Human 30 UNT/ML Injectable Suspension [Humulin], 24 HR Metformin hydrochloride 500 MG Extended Release Oral Tablet","Diabetes, Hypertension",
98,346a1435-2455-914f-c287-7b88052d05db,44,999-84-2339,Akiko,Pfannerstill,married,asian,F,280 Macejkovic Byway Suite 60,Framingham,"Jolivette 28 Day Pack, Naproxen sodium 220 MG Oral Tablet, amLODIPine 2.5 MG Oral Tablet, Astemizole 10 MG Oral Tablet, Trinessa 28 Day Pack, Camila 28 Day Pack, 1 ML medroxyprogesterone acetate 150 MG/ML Injection, lisinopril 10 MG Oral Tablet",Hypertension,"Mold , Grass pollen , Shellfish , Fish , Eggs  , House dust mite , Animal dander , Tree pollen "
99,1d1af1df-c916-9534-dcb4-b9aaf02e48d5,51,999-32-8645,Pattie,Feest,married,white,F,475 Monahan Parade,Springfield,"Jolivette 28 Day Pack, Errin 28 Day Pack, Hydrochlorothiazide 25 MG Oral Tablet, Acetaminophen 325 MG Oral Tablet, 1 ML medroxyprogesterone acetate 150 MG/ML Injection, Acetaminophen 325 MG Oral Tablet [Tylenol], Etonogestrel 68 MG Drug Implant, Mirena 52 MG Intrauterine System, Acetaminophen 300 MG / Hydrocodone Bitartrate 5 MG Oral Tablet, Ibuprofen 400 MG Oral Tablet [Ibu], lisinopril 10 MG Oral Tablet","Acute bronchitis (disorder), Hypertension",
100,d60a19c3-848d-6c3b-deed-8e2226bd5757,15,999-93-5084,Monica,Nikolaus,unknown,white,F,407 Bednar Throughway,Worcester,"Penicillin V Potassium 250 MG Oral Tablet, Acetaminophen 160 MG Chewable Tablet",Streptococcal sore throat (disorder),
101,af0323f7-dcf2-5d97-8623-2f0d511016ec,65,999-58-6823,Luigi,Carroll,married,white,M,886 Gutkowski Route Apt 30,Boston,Simvastatin 10 MG Oral Tablet,Hyperlipidemia,
102,ed01aca0-b28f-4b31-711b-3114e5d3c661,14,999-48-4955,Irish,Torp,unknown,black,F,531 Schoen Road,Natick,"Ibuprofen 100 MG Oral Tablet, Amoxicillin 500 MG Oral Tablet",,
103,165a4435-31ff-0493-eb3f-3a86106f3a59,53,999-29-3189,Thelma,Bayer,single,white,F,999 Crist Track,Agawam,"Jolivette 28 Day Pack, Natazia 28 Day Pack, NuvaRing 0.12/0.015 MG per 24HR 21 Day Vaginal Ring, Camila 28 Day Pack, Etonogestrel 68 MG Drug Implant, Acetaminophen 325 MG / Oxycodone Hydrochloride 10 MG Oral Tablet [Percocet], 24 HR Metformin hydrochloride 500 MG Extended Release Oral Tablet",Diabetes,
104,75bfc8f4-2f19-2b6a-120a-31888422aa78,60,999-29-5492,Geraldine,Koch,married,white,F,468 Grimes Esplanade,Groton,"Acetaminophen 325 MG Oral Tablet, 72 HR Fentanyl 0.025 MG/HR Transdermal System, Acetaminophen 300 MG / Hydrocodone Bitartrate 5 MG Oral Tablet",,
105,fee55adf-498c-5111-2136-e805906a3a74,51,999-77-4082,Rea,Daugherty,married,white,F,313 Smitham Underpass,Haverhill,"Hydrocortisone 10 MG/ML Topical Cream, diphenhydrAMINE Hydrochloride 25 MG Oral Tablet, NDA020800 0.3 ML Epinephrine 1 MG/ML Auto-Injector, amLODIPine 2.5 MG Oral Tablet, Hydrochlorothiazide 25 MG Oral Tablet, Acetaminophen 325 MG Oral Tablet, lisinopril 10 MG Oral Tablet","Acute bronchitis (disorder), Contact dermatitis, Hypertension",
106,d432ac90-2b10-097f-9a30-093555da284f,55,999-64-3099,Esther,Toy,married,white,F,931 Herman Vale Unit 62,Middleborough Center,"Jolivette 28 Day Pack, 1 ML medroxyPROGESTERone acetate 150 MG/ML Injection, Liletta 52 MG Intrauterine System, Errin 28 Day Pack, Camila 28 Day Pack, 1 ML medroxyprogesterone acetate 150 MG/ML Injection, Etonogestrel 68 MG Drug Implant, Acetaminophen 21.7 MG/ML / Dextromethorphan Hydrobromide 1 MG/ML / doxylamine succinate 0.417 MG/ML Oral Solution",Acute bronchitis (disorder),
107,51b59c09-c5a3-9c00-9ff0-e18c05efe769,47,999-38-7776,Carmen,Gutkowski,married,white,M,807 Ziemann Lock,Foxborough,"Ibuprofen 200 MG Oral Tablet, amLODIPine 2.5 MG Oral Tablet, Chlorpheniramine Maleate 2 MG/ML Oral Solution, Meperidine Hydrochloride 50 MG Oral Tablet, Hydrochlorothiazide 25 MG Oral Tablet, lisinopril 10 MG Oral Tablet",Hypertension,"Mold , Wheat , Grass pollen , Fish , House dust mite , Animal dander , Tree pollen , Tree nut "
108,4b0187d5-ffc7-563b-80e8-0d45bfd0709f,78,999-48-8801,Ines,Beier,married,white,F,199 Hudson Wall Apt 2,Marblehead,"Abuse-Deterrent 12 HR Oxycodone Hydrochloride 10 MG Extended Release Oral Tablet [Oxycontin], ferrous sulfate 325 MG Oral Tablet, 72 HR Fentanyl 0.025 MG/HR Transdermal System, Acetaminophen 300 MG / Codeine Phosphate 15 MG Oral Tablet",,
109,4898f210-0f92-d5f8-0b8f-29c0899b69db,43,999-11-1326,Herbert,Pouros,married,white,M,1046 Stamm Quay,Hatfield,"Acetaminophen 325 MG Oral Tablet, Amoxicillin 250 MG / Clavulanate 125 MG Oral Tablet, Ibuprofen 200 MG Oral Tablet","Viral sinusitis (disorder), Acute bronchitis (disorder)",
110,0c821314-2669-2ad3-2ac3-8ce662d8325c,50,999-50-6610,Paz,Murphy,single,black,F,357 Hermann Estate,Berkley,"Jolivette 28 Day Pack, Abuse-Deterrent 12 HR Oxycodone Hydrochloride 10 MG Extended Release Oral Tablet [Oxycontin], Mirena 52 MG Intrauterine System, Acetaminophen 325 MG / Oxycodone Hydrochloride 10 MG Oral Tablet [Percocet], Acetaminophen 325 MG Oral Tablet, Camila 28 Day Pack, Etonogestrel 68 MG Drug Implant, 168 HR Ethinyl Estradiol 0.00146 MG/HR / norelgestromin 0.00625 MG/HR Transdermal System",Acute bronchitis (disorder),
111,34b1b3b3-73ce-1bc2-b26e-dce20c4f6cbc,75,999-28-5628,Jerry,Satterfield,married,white,M,230 Kub Hollow Apt 26,Fitchburg,"Naproxen sodium 220 MG Oral Tablet, Amoxicillin 250 MG Oral Capsule, Penicillin V Potassium 500 MG Oral Tablet, 0.25 ML Leuprolide Acetate 30 MG/ML Prefilled Syringe, 1 ML DOCEtaxel 20 MG/ML Injection, lisinopril 10 MG Oral Tablet","Streptococcal sore throat (disorder), Hypertension",
112,7378ba81-94b8-baa9-93d0-bf7d25af0048,49,999-32-4040,Nick,Botsford,married,hawaiian,M,321 Marquardt Parade,Lancaster,"Naproxen sodium 220 MG Oral Tablet, Amoxicillin 250 MG / Clavulanate 125 MG Oral Tablet, Meperidine Hydrochloride 50 MG Oral Tablet, Hydrochlorothiazide 25 MG Oral Tablet, Acetaminophen 325 MG Oral Tablet","Acute bronchitis (disorder), Viral sinusitis (disorder), Hypertension",
113,9b94051f-59a9-c941-61af-9acf2a9af22f,80,999-61-4586,Stephen,Daniel,single,white,M,307 Kulas Approach Unit 81,Rehoboth,"Naproxen sodium 220 MG Oral Tablet, Acetaminophen 325 MG / oxyCODONE Hydrochloride 5 MG Oral Tablet, Ibuprofen 200 MG Oral Tablet, Meperidine Hydrochloride 50 MG Oral Tablet, Acetaminophen 325 MG Oral Tablet, Acetaminophen 325 MG / HYDROcodone Bitartrate 7.5 MG Oral Tablet, Alendronic acid 10 MG Oral Tablet",Acute bronchitis (disorder),
114,9ef4db86-c427-ddfe-a607-737f08ffb0c1,53,999-67-3698,Terrilyn,Murphy,single,asian,F,239 Upton Walk,Lowell,"Jolivette 28 Day Pack, NuvaRing 0.12/0.015 MG per 24HR 21 Day Vaginal Ring, diphenhydrAMINE Hydrochloride 25 MG Oral Tablet, Kyleena 19.5 MG Intrauterine System, Hydrochlorothiazide 25 MG Oral Tablet, Camila 28 Day Pack, Simvastatin 10 MG Oral Tablet, Etonogestrel 68 MG Drug Implant, 24 HR Metformin hydrochloride 500 MG Extended Release Oral Tablet, lisinopril 10 MG Oral Tablet","Diabetes, Hypertension, Hyperlipidemia","Mold , Peanut , Grass pollen , Aspirin, Latex , House dust mite , Animal dander , Bee venom , Tree pollen , Tree nut "
115,aa83e9bd-e4d5-1874-01ec-539e4a8356e1,9,999-26-4112,Mitch,Stark,unknown,asian,M,785 Jaskolski Manor Apt 5,Essex,"Ibuprofen 100 MG Oral Tablet, Acetaminophen 160 MG Chewable Tablet, Penicillin V Potassium 250 MG Oral Tablet, Amoxicillin 500 MG Oral Tablet",Streptococcal sore throat (disorder),
116,90053970-cbf7-9102-32f1-61c1b05827a8,67,999-20-9677,Mika,Daugherty,married,white,F,566 Klein Gardens,Walpole,Acetaminophen 325 MG Oral Tablet [Tylenol],,
117,97a30f0c-5ece-06e1-f7c1-1f8d46057ea7,13,999-36-8814,Lucretia,Mann,unknown,white,F,642 Rosenbaum Avenue Suite 89,Andover,"Ibuprofen 100 MG Oral Tablet, Penicillin V Potassium 250 MG Oral Tablet, Amoxicillin 500 MG Oral Tablet",Streptococcal sore throat (disorder),
118,e8ffd460-0685-7966-5e43-d24315e2f40c,26,999-77-3291,Joya,Hagenes,unknown,black,F,235 Mueller Club,Boston,"Natazia 28 Day Pack, NuvaRing 0.12/0.015 MG per 24HR 21 Day Vaginal Ring, Acetaminophen 500 MG Oral Tablet, 0.4 ML Enoxaparin sodium 100 MG/ML Prefilled Syringe, Errin 28 Day Pack, NDA020503 200 ACTUAT Albuterol 0.09 MG/ACTUAT Metered Dose Inhaler, Acetaminophen 325 MG Oral Tablet, Levora 0.15/30 28 Day Pack","Hypoxemia (disorder), Acute bronchitis (disorder)",
119,39b4eaac-6d32-3610-6cdf-20196fd708cb,21,999-85-7342,Noriko,Herman,unknown,hawaiian,F,1024 Russel Divide Suite 36,Kingston,"Acetaminophen 325 MG Oral Tablet, Levora 0.15/30 28 Day Pack, Acetaminophen 325 MG / oxyCODONE Hydrochloride 5 MG Oral Tablet",Acute bronchitis (disorder),
120,68444584-c6e0-8d53-923e-ce79ba7c1911,14,999-21-5083,Timmy,Pfannerstill,unknown,white,M,426 Kuvalis Ville Apt 24,Amherst,"Ibuprofen 100 MG Oral Tablet, Amoxicillin 250 MG / Clavulanate 125 MG Oral Tablet, Cefuroxime 250 MG Oral Tablet",Viral sinusitis (disorder),
121,8de0c26b-923d-7d3a-3315-9a800f7e46ec,71,999-58-6684,Johnathan,Reichert,married,white,M,251 Bartoletti Center Unit 97,Yarmouth,Acetaminophen 325 MG Oral Tablet,Acute bronchitis (disorder),
122,246fb368-8991-dc93-f6a5-eca807e7dbde,35,999-60-9817,Eleni,Hilpert,single,white,F,1051 Weimann Flat Apt 41,Halifax,"diphenhydrAMINE Hydrochloride 25 MG Oral Tablet, NDA020800 0.3 ML Epinephrine 1 MG/ML Auto-Injector, Seasonique 91 Day Pack, Azithromycin 250mg, lisinopril 10 MG Oral Tablet",Hypertension,"Shellfish , Penicillin V"
123,f26edc0d-057d-5dcc-3be2-26eb85730912,13,999-98-9719,Jerome,Kihn,unknown,white,M,602 Wilkinson Extension,Watertown,"Ibuprofen 100 MG Oral Tablet, Amoxicillin 250 MG / Clavulanate 125 MG Oral Tablet, Amoxicillin 500 MG Oral Tablet, Acetaminophen 160 MG Chewable Tablet",Viral sinusitis (disorder),
124,51c7ff6a-33e3-3e1b-d3ad-0035c8227dfa,24,999-16-9961,Georgiann,Heaney,unknown,white,F,967 Hintz Drive,Amherst,"Penicillin V Potassium 250 MG Oral Tablet, Natazia 28 Day Pack, Naproxen sodium 220 MG Oral Tablet, Ibuprofen 100 MG Oral Tablet, Hydrochlorothiazide 25 MG Oral Tablet, Acetaminophen 325 MG / HYDROcodone Bitartrate 7.5 MG Oral Tablet, Levora 0.15/30 28 Day Pack, lisinopril 10 MG Oral Tablet","Streptococcal sore throat (disorder), Hypertension",
125,e31d10b1-1cfa-e761-c21d-b7fd630f55c3,28,999-24-2475,Curt,Schmidt,unknown,white,M,345 Leuschke Meadow Apt 95,South Amherst,Acetaminophen 325 MG Oral Tablet,,
126,7adfe946-37fc-cb42-d68b-04175f767196,29,999-29-3995,Ilona,Graham,unknown,white,F,927 Marvin Branch Suite 8,Seekonk,"Naproxen sodium 220 MG Oral Tablet, Hydrocortisone 10 MG/ML Topical Cream, NDA020800 0.3 ML Epinephrine 1 MG/ML Auto-Injector, Ibuprofen 200 MG Oral Tablet, Errin 28 Day Pack, Acetaminophen 325 MG Oral Tablet, 1 ML medroxyprogesterone acetate 150 MG/ML Injection, cetirizine hydrochloride 10 MG Oral Tablet",Contact dermatitis,Mold 
127,509f9a77-2a22-f98b-c539-9a44057efb51,61,999-33-4533,Loretta,Bosco,married,white,F,291 Vandervort Ferry,Mashpee,"amLODIPine 2.5 MG Oral Tablet, Errin 28 Day Pack, Acetaminophen 325 MG Oral Tablet, 168 HR Ethinyl Estradiol 0.00146 MG/HR / norelgestromin 0.00625 MG/HR Transdermal System, lisinopril 10 MG Oral Tablet",Hypertension,
128,23436e20-0eca-9c61-472c-6f03ec5bef26,37,999-42-1387,Chris,Gislason,single,white,M,355 Kilback Boulevard,Mansfield,"diphenhydrAMINE Hydrochloride 25 MG Oral Tablet, NDA020800 0.3 ML Epinephrine 1 MG/ML Auto-Injector, Amoxicillin 250 MG / Clavulanate 125 MG Oral Tablet, NDA020503 200 ACTUAT Albuterol 0.09 MG/ACTUAT Metered Dose Inhaler, 120 ACTUAT Fluticasone propionate 0.044 MG/ACTUAT Metered Dose Inhaler","Childhood asthma, Sinusitis (disorder)","Mold , Grass pollen , Soya bean , House dust mite , Animal dander , Bee venom , Tree pollen , Tree nut "
129,591d3cc1-8a81-1962-faef-d96b874870b2,24,999-18-9966,Kaitlyn,Heathcote,unknown,white,F,911 Morissette Approach,Northampton,"Jolivette 28 Day Pack, Naproxen sodium 220 MG Oral Tablet, NDA020800 0.3 ML Epinephrine 1 MG/ML Auto-Injector, Ibuprofen 200 MG Oral Tablet, Acetaminophen 325 MG Oral Tablet, Fexofenadine hydrochloride 30 MG Oral Tablet",Acute bronchitis (disorder),"Mold , Peanut , Grass pollen , House dust mite , Animal dander , Bee venom , Tree pollen "
130,0ee91088-5b0d-8cdb-ef22-357b12a26b25,40,999-10-4048,Lavera,Reilly,married,white,F,223 Grant Walk Apt 33,Salem,"Naproxen sodium 220 MG Oral Tablet, Abuse-Deterrent 12 HR Oxycodone Hydrochloride 10 MG Extended Release Oral Tablet [Oxycontin], Errin 28 Day Pack, 60 ACTUAT Fluticasone propionate 0.25 MG/ACTUAT / salmeterol 0.05 MG/ACTUAT Dry Powder Inhaler, 1 ML medroxyprogesterone acetate 150 MG/ML Injection, tramadol hydrochloride 50 MG Oral Tablet",Pulmonary emphysema (disorder),
131,81466d70-5714-130a-24dc-b7fa2e2bc15c,8,999-40-6522,Hershel,Gutmann,unknown,white,M,995 Aufderhar Stravenue,Swansea,"Acetaminophen 160 MG Chewable Tablet, Amoxicillin 250 MG / Clavulanate 125 MG Oral Tablet, Amoxicillin 500 MG Oral Tablet",Acute bacterial sinusitis (disorder),
132,89464607-f8af-06a3-fe2f-227495c12550,50,999-65-1096,Jayme,Abernathy,married,white,F,861 McCullough Center,Haverhill,"Natazia 28 Day Pack, 1 ML medroxyPROGESTERone acetate 150 MG/ML Injection, Camila 28 Day Pack, 1 ML medroxyprogesterone acetate 150 MG/ML Injection, Phenazopyridine hydrochloride 100 MG Oral Tablet, Etonogestrel 68 MG Drug Implant, Nitrofurantoin 5 MG/ML Oral Suspension",Escherichia coli urinary tract infection,
133,23cec4fc-145d-f75d-dc70-2a52c97bd9c3,74,999-27-7101,Deandre,Harris,single,white,M,444 O'Keefe Brook Unit 83,Westford,"Acetaminophen 325 MG Oral Tablet, Phenazopyridine hydrochloride 100 MG Oral Tablet, Acetaminophen 325 MG / Oxycodone Hydrochloride 10 MG Oral Tablet [Percocet], Nitrofurantoin 5 MG/ML Oral Suspension, Acetaminophen 300 MG / Hydrocodone Bitartrate 5 MG Oral Tablet, 12 HR Hydrocodone Bitartrate 10 MG Extended Release Oral Capsule","Acute bronchitis (disorder), Cystitis",
134,54d3fa3e-b79e-8123-4dfa-b4d9b0e735de,21,999-69-2604,Marylin,Sipes,unknown,white,F,1021 Hoppe Way,Easton,"Penicillin V Potassium 250 MG Oral Tablet, Amoxicillin 250 MG / Clavulanate 125 MG Oral Tablet, Acetaminophen 325 MG Oral Tablet, Yaz 28 Day Pack, Levora 0.15/30 28 Day Pack","Viral sinusitis (disorder), Streptococcal sore throat (disorder)",
135,27050e3a-dba0-61b9-3041-373c323e16a4,22,999-55-3329,Jenifer,Abshire,unknown,white,F,783 Yundt Burg,Attleboro,"Acetaminophen 325 MG Oral Tablet, Trinessa 28 Day Pack, Levora 0.15/30 28 Day Pack",Acute bronchitis (disorder),
136,b03985e9-38d0-4564-1b52-4a8651cecdd5,61,999-51-5571,Sasha,Renner,married,white,F,593 Rowe Rest,Worcester,"piperacillin 2000 MG / tazobactam 250 MG Injection, 150 ML vancomycin 5 MG/ML Injection, Vitamin B 12 5 MG/ML Injectable Solution, Acetaminophen 325 MG Oral Tablet, Yaz 28 Day Pack, 1 ML medroxyprogesterone acetate 150 MG/ML Injection, Phenazopyridine hydrochloride 100 MG Oral Tablet, Nitrofurantoin 5 MG/ML Oral Suspension","Sepsis (disorder), Cystitis",
137,69280d14-c5eb-897b-59ce-e4432cd9509a,17,999-80-4942,Suzan,Franecki,unknown,white,F,584 Runte Ville,Southborough,"cetirizine hydrochloride 5 MG Oral Tablet, NDA020800 0.3 ML Epinephrine 1 MG/ML Auto-Injector, Ibuprofen 100 MG Oral Tablet, NDA020503 200 ACTUAT Albuterol 0.09 MG/ACTUAT Metered Dose Inhaler, Acetaminophen 160 MG Chewable Tablet, 120 ACTUAT Fluticasone propionate 0.044 MG/ACTUAT Metered Dose Inhaler, Acetaminophen 21.7 MG/ML / Dextromethorphan Hydrobromide 1 MG/ML / doxylamine succinate 0.417 MG/ML Oral Solution, Amoxicillin 500 MG Oral Tablet","Childhood asthma, Acute bronchitis (disorder)","Mold , Grass pollen , Latex , House dust mite , Animal dander , Tree pollen "
138,0631ad5a-2c27-b7bf-f2eb-e2deec82692a,18,999-41-2854,Sharleen,Cronin,unknown,white,F,897 Volkman Trafficway,Westport,"Penicillin V Potassium 250 MG Oral Tablet, Ibuprofen 200 MG Oral Tablet",Streptococcal sore throat (disorder),
139,c0b0f482-c7b7-c9dd-9f8d-66f8dc6b4f4d,59,999-48-3138,Young,Orn,married,white,M,629 Von Rue Unit 15,Boston,"Acetaminophen 325 MG Oral Tablet, Amoxicillin 250 MG / Clavulanate 125 MG Oral Tablet, diphenhydrAMINE Hydrochloride 25 MG Oral Tablet","Viral sinusitis (disorder), Acute bronchitis (disorder)","Mold , Wheat , Grass pollen , Shellfish , Eggs  , Cow's milk , Latex , House dust mite , Animal dander "
140,a812494f-ce21-de00-8983-87d93077c751,8,999-42-3424,Richie,Flatley,unknown,white,M,386 Howe Union Unit 51,Fall River,"Penicillin V Potassium 250 MG Oral Tablet, Acetaminophen 160 MG Chewable Tablet, Amoxicillin 500 MG Oral Tablet, Ibuprofen 100 MG Oral Tablet",Streptococcal sore throat (disorder),
141,80534c6c-b12d-caa5-42de-b179fd7f9695,31,999-72-1186,Anthony,Wehner,married,white,M,711 Walter Parade,Barnstable,Naproxen sodium 220 MG Oral Tablet,,
142,b1b0fe43-a0f7-3ea6-67f8-0b5a3afd5a8e,6,999-38-1447,Hassan,Wyman,unknown,white,M,606 Ferry Quay Unit 80,Chicopee,"Ibuprofen 100 MG Oral Tablet, Amoxicillin 500 MG Oral Tablet",,
143,303c8bd7-a047-5e7c-6dd3-1d6e7f04d439,26,999-68-4052,Almeta,Marvin,unknown,white,F,879 Leffler Lane,Shrewsbury,Camila 28 Day Pack,,
144,db2b8604-f8ea-0b47-1b95-2cf9d553a104,31,999-37-4234,Evita,Hessel,unknown,white,F,232 Bosco Route,Ayer,"Natazia 28 Day Pack, NuvaRing 0.12/0.015 MG per 24HR 21 Day Vaginal Ring, 1 ML medroxyPROGESTERone acetate 150 MG/ML Injection, Amoxicillin 250 MG / Clavulanate 125 MG Oral Tablet, Acetaminophen 325 MG Oral Tablet, Levora 0.15/30 28 Day Pack","Viral sinusitis (disorder), Acute bronchitis (disorder)",
145,403f6042-df1e-7ef4-d24d-1ad3042b1c1c,18,999-69-1977,Tona,OKeefe,unknown,white,F,162 Mills Terrace,Fall River,"Ibuprofen 100 MG Oral Tablet, Acetaminophen 160 MG Chewable Tablet, Amoxicillin 500 MG Oral Tablet",,
146,e266fa7d-d981-ef94-45e7-3d253425c3f9,26,999-59-1291,Yong,Rodriguez,unknown,white,M,1032 Champlin Annex Unit 46,Boston,"Hydrochlorothiazide 25 MG Oral Tablet, Naproxen sodium 220 MG Oral Tablet",Hypertension,
147,1a4f3136-4eae-dc5d-f68d-046b7a2e11ea,48,999-93-7085,Sherilyn,OKeefe,married,white,F,897 Heller Divide Suite 7,Boston,Trinessa 28 Day Pack,,
148,87bd827a-41ca-256f-6e86-2d5e9623f805,18,999-11-5111,Marlen,Batz,unknown,white,F,241 Muller Plaza,Boston,"Penicillin V Potassium 250 MG Oral Tablet, Seasonique 91 Day Pack, atomoxetine 100 MG Oral Capsule, Acetaminophen 325 MG Oral Tablet","Streptococcal sore throat (disorder), Child attention deficit disorder, Acute bronchitis (disorder)",
149,a9a2c4dd-a0c9-97d4-8983-c4dbe2a76ca2,74,999-54-3421,Cesar,Strosin,married,white,M,348 Howe Arcade Apt 48,Dighton,"Simvastatin 20 MG Oral Tablet, amLODIPine 2.5 MG Oral Tablet, Amlodipine 5 MG Oral Tablet, Nitroglycerin 0.4 MG/ACTUAT Mucosal Spray, Hydrochlorothiazide 25 MG Oral Tablet, Clopidogrel 75 MG Oral Tablet, Simvastatin 10 MG Oral Tablet, lisinopril 10 MG Oral Tablet","Hypertension, Hyperlipidemia",
150,82e25b95-7bfc-a54f-f242-1e7156c27d74,53,999-75-5152,Marlen,Kulas,married,white,F,598 Donnelly Camp Unit 65,Chelmsford,"Jolivette 28 Day Pack, amLODIPine 2.5 MG Oral Tablet, Hydrochlorothiazide 25 MG Oral Tablet, Acetaminophen 325 MG Oral Tablet, 1 ML medroxyprogesterone acetate 150 MG/ML Injection, Seasonique 91 Day Pack, Etonogestrel 68 MG Drug Implant","Acute bronchitis (disorder), Hypertension",
151,fbee8d6b-5acf-370c-7edd-af0d84f5288c,25,999-67-9966,Synthia,Davis,unknown,asian,F,114 Crona Mission Apt 98,Revere,"lisinopril 10 MG Oral Tablet, amLODIPine 2.5 MG Oral Tablet, Trinessa 28 Day Pack, Acetaminophen 160 MG Chewable Tablet, Levora 0.15/30 28 Day Pack, tramadol hydrochloride 50 MG Oral Tablet",Hypertension,
152,86dbfa87-dc1c-e529-f39b-4910e4deb3fb,60,999-89-4912,Katlyn,Hyatt,married,white,F,410 Rippin Mill Unit 1,Boston,"Ibuprofen 200 MG Oral Tablet, Acetaminophen 500 MG Oral Tablet, 0.4 ML Enoxaparin sodium 100 MG/ML Prefilled Syringe, Yaz 28 Day Pack, Mirena 52 MG Intrauterine System, 1 ML Enoxaparin sodium 150 MG/ML Prefilled Syringe",Acute pulmonary embolism (disorder),
153,d477c46c-6e56-e32f-0c28-7356caab1e8b,32,999-79-6169,Leif,Abbott,married,white,M,830 Will Bridge Unit 94,Plymouth,"Hydrochlorothiazide 25 MG Oral Tablet, Loratadine 5 MG Chewable Tablet, NDA020800 0.3 ML Epinephrine 1 MG/ML Auto-Injector, lisinopril 10 MG Oral Tablet",Hypertension,"Mold , Peanut , Grass pollen , Fish , Latex , House dust mite , Animal dander , Tree pollen "
154,873049ed-d86d-74b2-84c4-cbc49b4384d0,33,999-13-1668,Lean,Barrows,married,black,F,211 Wolff Quay,Brockton,"1 ML medroxyPROGESTERone acetate 150 MG/ML Injection, Trinessa 28 Day Pack, Mirena 52 MG Intrauterine System, clonazePAM 0.25 MG Oral Tablet, Seasonique 91 Day Pack, Diazepam 5 MG Oral Tablet",,
155,65d5c7e2-c5b3-6f0d-9ca3-17b8bca2db28,50,999-73-3174,Donnell,Kshlerin,married,white,M,893 Armstrong Ramp,Northwest Harwich,"Hydrocortisone 10 MG/ML Topical Cream, NDA020800 0.3 ML Epinephrine 1 MG/ML Auto-Injector, Amoxicillin 250 MG / Clavulanate 125 MG Oral Tablet, Hydrochlorothiazide 25 MG Oral Tablet, Fexofenadine hydrochloride 60 MG Oral Tablet, lisinopril 10 MG Oral Tablet","Contact dermatitis, Sinusitis (disorder), Hypertension",
156,fc8e4748-86f4-1d49-af95-4c7e48678ca7,64,999-99-9803,Jeffery,Brakus,married,white,M,565 Heidenreich Ramp Unit 58,West Dennis,"Ibuprofen 200 MG Oral Tablet, amLODIPine 2.5 MG Oral Tablet, NDA020503 200 ACTUAT Albuterol 0.09 MG/ACTUAT Metered Dose Inhaler, 60 ACTUAT Fluticasone propionate 0.25 MG/ACTUAT / salmeterol 0.05 MG/ACTUAT Dry Powder Inhaler, Hydrochlorothiazide 25 MG Oral Tablet, Acetaminophen 325 MG Oral Tablet, 120 ACTUAT Fluticasone propionate 0.044 MG/ACTUAT Metered Dose Inhaler, lisinopril 10 MG Oral Tablet","Pulmonary emphysema (disorder), Childhood asthma, Hypertension, Acute bronchitis (disorder)","Mold , Wheat , Peanut , Eggs  , Soya bean , House dust mite , Animal dander "
157,c99968ac-6782-9ae2-aab2-98277ae5a8e8,48,999-42-1829,Kayleen,Spencer,married,white,F,457 Hane Wall Unit 86,Framingham,"Acetaminophen 325 MG / oxyCODONE Hydrochloride 5 MG Oral Tablet, Ibuprofen 200 MG Oral Tablet, 168 HR Ethinyl Estradiol 0.00146 MG/HR / norelgestromin 0.00625 MG/HR Transdermal System, Acetaminophen 325 MG Oral Tablet, Yaz 28 Day Pack, Acetaminophen 325 MG / HYDROcodone Bitartrate 7.5 MG Oral Tablet, 1 ML medroxyprogesterone acetate 150 MG/ML Injection, Phenazopyridine hydrochloride 100 MG Oral Tablet, Mirena 52 MG Intrauterine System, Nitrofurantoin 5 MG/ML Oral Suspension","Escherichia coli urinary tract infection, Cystitis",
158,0f444cf3-eb58-6f42-c740-a6ab70cec7ee,71,999-67-7876,Genny,Rath,married,asian,F,333 Lockman Well Apt 5,Billerica,"Acetaminophen 325 MG / Oxycodone Hydrochloride 10 MG Oral Tablet [Percocet], Acetaminophen 300 MG / Hydrocodone Bitartrate 5 MG Oral Tablet, Alendronic acid 10 MG Oral Tablet, 12 HR Hydrocodone Bitartrate 10 MG Extended Release Oral Capsule",,
159,ef5697a6-2bd3-d1c3-67ea-0f7892f4e76f,39,999-70-7522,Dorotea,Botello,married,white,F,959 Kuvalis Bypass Unit 8,Worcester,"Etonogestrel 68 MG Drug Implant, Mirena 52 MG Intrauterine System, Trinessa 28 Day Pack, Natazia 28 Day Pack",,
160,5fe0db77-0fe4-4472-ce22-b6e860ec103a,15,999-23-5318,Louis,Wintheiser,unknown,white,F,266 Hermiston Forge,Brockton,"Penicillin V Potassium 250 MG Oral Tablet, Ibuprofen 100 MG Oral Tablet, Acetaminophen 325 MG Oral Tablet, Acetaminophen 21.7 MG/ML / Dextromethorphan Hydrobromide 1 MG/ML / doxylamine succinate 0.417 MG/ML Oral Solution, Amoxicillin 500 MG Oral Tablet","Streptococcal sore throat (disorder), Acute bronchitis (disorder)",
161,d00d8a67-a23f-6fda-d97d-2a6391685500,11,999-22-9448,Andera,Lindgren,unknown,white,F,643 Corwin Row,Westford,"NDA020800 0.3 ML Epinephrine 1 MG/ML Auto-Injector, Ibuprofen 100 MG Oral Tablet, Amoxicillin 250 MG / Clavulanate 125 MG Oral Tablet, Acetaminophen 160 MG Chewable Tablet, Cefuroxime 250 MG Oral Tablet, Fexofenadine hydrochloride 30 MG Oral Tablet, Amoxicillin 500 MG Oral Tablet",Viral sinusitis (disorder),"Mold , Grass pollen , Lisinopril, Latex , Animal dander , Tree pollen "
162,4e64cd82-c0b5-2005-2690-240374ca045c,73,999-86-5158,Numbers,McClure,single,white,F,415 Smith Common Unit 56,Somerset,"piperacillin 2000 MG / tazobactam 250 MG Injection, Alteplase 100 MG Injection, 150 ML vancomycin 5 MG/ML Injection, Acetaminophen 325 MG Oral Tablet, Clopidogrel 75 MG Oral Tablet",Sepsis (disorder),
163,9c3df38a-d3b7-2198-3898-51f9153d023d,51,999-27-9514,Edythe,Morar,married,white,F,392 Beahan Divide,Watertown,"Jolivette 28 Day Pack, Naproxen sodium 220 MG Oral Tablet, 1 ML medroxyPROGESTERone acetate 150 MG/ML Injection, Liletta 52 MG Intrauterine System, 3 ML Amiodarone hydrocholoride 50 MG/ML Prefilled Syringe, Acetaminophen 325 MG Oral Tablet, 1 ML Epinephrine 1 MG/ML Injection, Phenazopyridine hydrochloride 100 MG Oral Tablet, NITROFURANTOIN  MACROCRYSTALS 50 MG Oral Capsule, 168 HR Ethinyl Estradiol 0.00146 MG/HR / norelgestromin 0.00625 MG/HR Transdermal System, Nitrofurantoin 5 MG/ML Oral Suspension, Atropine Sulfate 1 MG/ML Injectable Solution","Escherichia coli urinary tract infection, Acute bronchitis (disorder)",
164,b5e092a6-8d10-a0b4-4cf5-66aee144f7ed,14,999-30-8191,Sterling,Mitchell,unknown,asian,M,990 Huel Hollow,Rockland,"Ibuprofen 100 MG Oral Tablet, Penicillin V Potassium 250 MG Oral Tablet, Acetaminophen 325 MG Oral Tablet","Streptococcal sore throat (disorder), Acute bronchitis (disorder)",
165,49e94ea9-a534-15f8-fd74-3c739f2c0eb2,20,999-67-9255,Gillian,Langworth,unknown,white,F,228 Murazik Lock Unit 65,Lawrence,"Loratadine 5 MG Chewable Tablet, NDA020800 0.3 ML Epinephrine 1 MG/ML Auto-Injector",,"Mold , Eggs  , Cow's milk , Animal dander , Bee venom , Tree pollen "
166,e4a67e2a-4d8d-70e7-b0fb-83480abf443c,40,999-80-2956,Angelo,Conroy,married,white,F,909 Harber Camp Unit 82,Attleboro,"Jolivette 28 Day Pack, diphenhydrAMINE Hydrochloride 25 MG Oral Tablet, amLODIPine 2.5 MG Oral Tablet, Amoxicillin 250 MG / Clavulanate 125 MG Oral Tablet, NDA020503 200 ACTUAT Albuterol 0.09 MG/ACTUAT Metered Dose Inhaler, Acetaminophen 325 MG Oral Tablet, Phenazopyridine hydrochloride 100 MG Oral Tablet, 120 ACTUAT Fluticasone propionate 0.044 MG/ACTUAT Metered Dose Inhaler, Etonogestrel 68 MG Drug Implant, 168 HR Ethinyl Estradiol 0.00146 MG/HR / norelgestromin 0.00625 MG/HR Transdermal System, Nitrofurantoin 5 MG/ML Oral Suspension, Acetaminophen 325 MG Oral Tablet [Tylenol]","Pyelonephritis, Viral sinusitis (disorder), Hypertension, Asthma, Acute bronchitis (disorder)","Mold , Grass pollen , Eggs  , House dust mite , Animal dander , Tree pollen , Tree nut "
167,15d242fa-2a82-6921-b247-552b60cfcd4e,73,999-62-8138,Nelson,Jast,married,white,M,631 Daugherty Estate,Peabody,Acetaminophen 300 MG / Hydrocodone Bitartrate 5 MG Oral Tablet,,
168,c98f8278-af04-a31b-ebee-65d34ae0466f,41,999-58-9605,Rodrigo,Thompson,married,white,M,880 Crooks Ville Unit 15,Westfield,"Acetaminophen 300 MG / Hydrocodone Bitartrate 5 MG Oral Tablet, Ibuprofen 400 MG Oral Tablet [Ibu], lisinopril 10 MG Oral Tablet",Hypertension,
169,c63b5472-3136-5428-0e24-662ff2b5cee5,47,999-40-9065,Vania,Mills,married,white,F,639 Stamm Union Suite 86,Worcester,"NuvaRing 0.12/0.015 MG per 24HR 21 Day Vaginal Ring, Ibuprofen 200 MG Oral Tablet, Etonogestrel 68 MG Drug Implant, Liletta 52 MG Intrauterine System, Trinessa 28 Day Pack, Kyleena 19.5 MG Intrauterine System, Cefuroxime 250 MG Oral Tablet, Seasonique 91 Day Pack, Mirena 52 MG Intrauterine System",,
170,eac36a6d-a107-216a-9584-ee7837236627,7,999-14-4669,Gary,Hoppe,unknown,white,M,258 Huel Estate,Shrewsbury,Penicillin V Potassium 250 MG Oral Tablet,Streptococcal sore throat (disorder),
171,ff9f14e4-d241-71fe-a501-2199e39aa79a,22,999-44-2460,Andrew,Wilkinson,unknown,white,M,975 Aufderhar Throughway,Cambridge,"Ibuprofen 200 MG Oral Tablet, atomoxetine 100 MG Oral Capsule, Acetaminophen 325 MG Oral Tablet [Tylenol], Amoxicillin 500 MG Oral Tablet, tramadol hydrochloride 50 MG Oral Tablet",Child attention deficit disorder,
172,a7cfdf56-6a3f-ac5c-3a45-6f223312b36c,30,999-65-8452,Olen,OReilly,unknown,white,M,902 Brekke Ranch,Worcester,"Acetaminophen 325 MG Oral Tablet, Abuse-Deterrent 12 HR Oxycodone Hydrochloride 15 MG Extended Release Oral Tablet, lisinopril 10 MG Oral Tablet",Hypertension,
173,41deca00-d1c8-0478-3ff7-a074db2cf397,67,999-27-9022,Joey,Stoltenberg,married,white,M,830 Hackett Wynd Suite 52,Pepperell,"Simvastatin 20 MG Oral Tablet, Hydrocortisone 10 MG/ML Topical Cream, diphenhydrAMINE Hydrochloride 25 MG Oral Tablet, Alteplase 100 MG Injection, NDA020800 0.3 ML Epinephrine 1 MG/ML Auto-Injector, amLODIPine 2.5 MG Oral Tablet, Amlodipine 5 MG Oral Tablet, Nitroglycerin 0.4 MG/ACTUAT Mucosal Spray, Clopidogrel 75 MG Oral Tablet","Contact dermatitis, Hypertension",
174,0ad457cc-32d8-20d1-7f13-d775f7172a0e,29,999-37-7856,David,Heidenreich,unknown,white,M,950 DuBuque Gardens,Attleboro,"Penicillin V Potassium 250 MG Oral Tablet, Abuse-Deterrent 12 HR Oxycodone Hydrochloride 10 MG Extended Release Oral Tablet [Oxycontin], Acetaminophen 325 MG Oral Tablet, 72 HR Fentanyl 0.025 MG/HR Transdermal System, Acetaminophen 300 MG / Hydrocodone Bitartrate 5 MG Oral Tablet, 12 HR Hydrocodone Bitartrate 10 MG Extended Release Oral Capsule","Streptococcal sore throat (disorder), Acute bronchitis (disorder)",
175,d7bb0340-9894-8bd0-056a-29efc5444fa0,26,999-56-6460,Heath,King,unknown,white,M,1011 Emmerich Frontage road Apt 78,Amherst Center,"Penicillin V Potassium 250 MG Oral Tablet, NDA020800 0.3 ML Epinephrine 1 MG/ML Auto-Injector, Fexofenadine hydrochloride 30 MG Oral Tablet, Acetaminophen 325 MG Oral Tablet","Streptococcal sore throat (disorder), Acute bronchitis (disorder)","Mold , Peanut , Grass pollen , Shellfish , Lisinopril, House dust mite , Animal dander , Bee venom , Tree nut "
176,39e6bf34-9ff7-f200-8cd8-7b44ef09b4ed,30,999-67-2090,Teresita,Little,unknown,white,F,563 Emard Frontage road Suite 20,Lynn,"Naproxen sodium 220 MG Oral Tablet, NuvaRing 0.12/0.015 MG per 24HR 21 Day Vaginal Ring, Liletta 52 MG Intrauterine System, Yaz 28 Day Pack, 1 ML medroxyprogesterone acetate 150 MG/ML Injection, Levora 0.15/30 28 Day Pack, Acetaminophen 21.7 MG/ML / Dextromethorphan Hydrobromide 1 MG/ML / doxylamine succinate 0.417 MG/ML Oral Solution",Acute bronchitis (disorder),
177,dae01f0d-6147-47e0-bd58-bb20569a283c,7,999-73-3806,Teddy,Batz,unknown,white,M,769 Pacocha Center Suite 66,Braintree,"Ibuprofen 100 MG Oral Tablet, Acetaminophen 160 MG Chewable Tablet, Amoxicillin 500 MG Oral Tablet",,
178,d786f8d0-61de-9b30-54d3-9a8eb517da09,71,999-64-5429,Inés,Huerta,married,black,F,558 Grimes Wall,Westport,Amoxicillin 250 MG / Clavulanate 125 MG Oral Tablet,Viral sinusitis (disorder),
179,21dde8d5-5497-8bf3-aa32-b79e998e9024,60,999-54-1820,Kristen,Gulgowski,married,white,F,268 Swift Crossing Suite 29,Beverly,Jolivette 28 Day Pack,,
180,39b9fc41-87ce-92a5-5096-539739bb657c,71,999-44-2498,Jenice,OConner,married,white,F,192 Ebert Knoll,Boston,"Acetaminophen 325 MG Oral Tablet, Naproxen sodium 220 MG Oral Tablet, Alendronic acid 10 MG Oral Tablet, Ibuprofen 400 MG Oral Tablet [Ibu]","Osteoarthritis of hip, Acute bronchitis (disorder)",Wheat 
181,ec56f618-56ed-cf49-78fd-4d561bf7cba3,85,999-63-6253,Shonta,Veum,married,white,F,845 Koepp Orchard Apt 5,Boston,"Simvastatin 10 MG Oral Tablet, Acetaminophen 325 MG Oral Tablet","Acute bronchitis (disorder), Hyperlipidemia",
182,7fea6a12-aae3-a4d5-4abf-d6b622deaeb1,38,999-38-3842,Shelby,Quigley,married,black,M,482 Skiles Dale,Boston,"Hydrochlorothiazide 25 MG Oral Tablet, amLODIPine 2.5 MG Oral Tablet, lisinopril 10 MG Oral Tablet",Hypertension,
183,396babc6-6b4f-e29b-40f7-ea119ee57ac4,45,999-16-4687,Ralph,Herzog,married,asian,M,361 Heller Trailer Apt 72,Ashland,"amLODIPine 2.5 MG Oral Tablet, Hydrochlorothiazide 25 MG Oral Tablet, Acetaminophen 325 MG Oral Tablet, buprenorphine 2 MG / naloxone 0.5 MG Sublingual Tablet, lisinopril 10 MG Oral Tablet","Acute bronchitis (disorder), Opioid abuse (disorder), Hypertension",
184,f7130650-ec26-4a43-fc30-ac3f05cc793d,20,999-61-9411,David,Dicki,unknown,asian,F,953 Bartoletti Center Apt 1,Mashpee,"Ibuprofen 100 MG Oral Tablet, Amoxicillin 250 MG / Clavulanate 125 MG Oral Tablet, Acetaminophen 325 MG Oral Tablet, Levora 0.15/30 28 Day Pack, Amoxicillin 500 MG Oral Tablet","Viral sinusitis (disorder), Acute bronchitis (disorder)",
185,70231807-0c38-db06-806e-a73e94bcd591,89,999-89-4103,Susie,Tromp,married,white,F,671 Haley Corner,Natick,"Simvastatin 10 MG Oral Tablet, Acetaminophen 325 MG Oral Tablet","Acute bronchitis (disorder), Hyperlipidemia",
186,a25e9984-9c96-bcd4-07f9-9f763e077366,43,999-92-6341,Kimbra,Bogan,married,white,F,742 Hills Ranch,Holliston,"Acetaminophen 325 MG Oral Tablet, Camila 28 Day Pack, Errin 28 Day Pack, Penicillin V Potassium 500 MG Oral Tablet",Streptococcal sore throat (disorder),
187,28db1c55-fe99-d5c8-8fc4-bffda09ab3be,48,999-56-1244,Sana,Wolff,married,white,F,114 Borer Club,Brockton,"Natazia 28 Day Pack, NuvaRing 0.12/0.015 MG per 24HR 21 Day Vaginal Ring, Hydrochlorothiazide 25 MG Oral Tablet, Acetaminophen 325 MG Oral Tablet, Camila 28 Day Pack, 1 ML medroxyprogesterone acetate 150 MG/ML Injection, Etonogestrel 68 MG Drug Implant, 24 HR Metformin hydrochloride 500 MG Extended Release Oral Tablet, lisinopril 10 MG Oral Tablet","Diabetes, Hypertension",
188,f1b34fb1-f5e8-f45d-109d-99258979e7c6,52,999-66-2688,Son,Lehner,married,white,M,976 Steuber Landing Apt 27,Needham,"Hydrochlorothiazide 25 MG Oral Tablet, Penicillin V Potassium 500 MG Oral Tablet","Streptococcal sore throat (disorder), Hypertension",
189,6895f047-ab31-c293-b335-374256e01eb1,6,999-98-3221,Alicia,Jakubowski,unknown,white,F,120 Rippin Terrace,Leominster,"Loratadine 5 MG Chewable Tablet, NDA020800 0.3 ML Epinephrine 1 MG/ML Auto-Injector",,"Mold , Grass pollen , Fish , Soya bean , House dust mite , Animal dander , Tree pollen "
190,c8ff4993-f646-91ea-f261-c8622dd1500a,47,999-88-3087,Darcey,Walker,single,white,F,771 Jerde Viaduct,Brookline,"diphenhydrAMINE Hydrochloride 25 MG Oral Tablet, 1 ML medroxyPROGESTERone acetate 150 MG/ML Injection, Trinessa 28 Day Pack, 1 ML medroxyprogesterone acetate 150 MG/ML Injection, Levora 0.15/30 28 Day Pack, Kyleena 19.5 MG Intrauterine System",,"Aspirin, cefdinir, Animal dander "
191,1d238968-2939-1734-5e6e-650d3e16454c,50,999-69-7376,Mason,Hettinger,married,white,M,823 Bechtelar Dam,Milford,"Naproxen sodium 220 MG Oral Tablet, 3 ML Amiodarone hydrocholoride 50 MG/ML Prefilled Syringe, 1 ML Epinephrine 1 MG/ML Injection, Acetaminophen 325 MG / HYDROcodone Bitartrate 7.5 MG Oral Tablet, Allopurinol 100 MG Oral Tablet, Naproxen 500 MG Oral Tablet, Atropine Sulfate 1 MG/ML Injectable Solution",Gout,
192,d3daf8c9-7cb8-995f-b698-f1d59b19a6b0,60,999-41-4798,Fredda,Larkin,married,white,F,503 Runolfsson Crossroad,Dennis,"168 HR Ethinyl Estradiol 0.00146 MG/HR / norelgestromin 0.00625 MG/HR Transdermal System, Camila 28 Day Pack",,
193,1f4b009b-80bf-da5f-a2c1-dad8e71e8927,11,999-53-4906,Herminia,Hahn,unknown,asian,F,434 Hills Brook,Natick,"Ibuprofen 100 MG Oral Tablet, Acetaminophen 325 MG Oral Tablet, Acetaminophen 160 MG Chewable Tablet, Acetaminophen 21.7 MG/ML / Dextromethorphan Hydrobromide 1 MG/ML / doxylamine succinate 0.417 MG/ML Oral Solution, Amoxicillin 500 MG Oral Tablet",Acute bronchitis (disorder),
194,f3d95ff6-eeeb-a007-cde5-e69cfeee826f,33,999-44-9249,Lanie,Zemlak,married,asian,F,904 Boyer Station,Boston,"Yaz 28 Day Pack, 1 ML medroxyprogesterone acetate 150 MG/ML Injection, Levora 0.15/30 28 Day Pack",,
195,426cade9-82be-f335-7340-c4413e4bdd6a,18,999-25-6350,Erich,Gulgowski,unknown,white,M,352 Spencer Village Suite 12,Great Barrington,"Hydrocortisone 10 MG/ML Topical Cream, NDA020800 0.3 ML Epinephrine 1 MG/ML Auto-Injector, Ibuprofen 100 MG Oral Tablet, NDA020503 200 ACTUAT Albuterol 0.09 MG/ACTUAT Metered Dose Inhaler, Acetaminophen 325 MG Oral Tablet, Acetaminophen 160 MG Chewable Tablet, 120 ACTUAT Fluticasone propionate 0.044 MG/ACTUAT Metered Dose Inhaler, Loratadine 5 MG Chewable Tablet, Amoxicillin 500 MG Oral Tablet","Atopic dermatitis, Childhood asthma, Acute bronchitis (disorder)","Mold , Grass pollen , House dust mite , Animal dander , Tree pollen "
196,8151b558-93f4-5a4c-4697-a3137595e999,67,999-12-6661,Cherri,Klocko,married,white,F,682 Hermiston Plaza,Milford,"Naproxen sodium 220 MG Oral Tablet, Meperidine Hydrochloride 50 MG Oral Tablet, Ibuprofen 200 MG Oral Tablet",Osteoarthritis of knee,
197,3a4e4953-19cb-5a92-d896-cfeaa03f5ba8,21,999-71-5684,Sudie,Rowe,unknown,white,F,128 Dietrich Trail Suite 27,Concord,Trinessa 28 Day Pack,,
198,2c6287fd-399c-c0ca-1041-38564cb611ab,17,999-48-7311,Shavonne,Barton,unknown,white,F,244 Runolfsdottir Landing Unit 30,Topsfield,"Ibuprofen 100 MG Oral Tablet, Acetaminophen 160 MG Chewable Tablet, Amoxicillin 250 MG / Clavulanate 125 MG Oral Tablet, Amoxicillin 500 MG Oral Tablet",Viral sinusitis (disorder),
199,752a3c69-44d7-d6af-0340-7d3e748f6060,25,999-65-3198,Oralia,Williamson,unknown,white,F,180 Hegmann Trail,Fall River,"Naproxen sodium 220 MG Oral Tablet, Yaz 28 Day Pack, Natazia 28 Day Pack, Levora 0.15/30 28 Day Pack",,
200,2af5741b-913e-7915-e51c-890dd5c261fa,62,999-11-5951,Janna,Shanahan,married,white,F,851 Anderson Street Suite 89,Concord,"diphenhydrAMINE Hydrochloride 25 MG Oral Tablet, amLODIPine 2.5 MG Oral Tablet, Penicillin V Potassium 500 MG Oral Tablet, Acetaminophen 300 MG / Hydrocodone Bitartrate 5 MG Oral Tablet, Ibuprofen 400 MG Oral Tablet [Ibu], Acetaminophen 325 MG Oral Tablet [Tylenol]","Streptococcal sore throat (disorder), Hypertension","Mold , Grass pollen , Shellfish , Cow's milk , Latex , House dust mite , Animal dander , Tree pollen "
201,563187cb-7236-8b85-e6bc-79f35538910d,57,999-56-6769,Argelia,Will,married,white,F,607 Simonis Lock Unit 63,Boston,"amLODIPine 2.5 MG Oral Tablet, Trinessa 28 Day Pack, Amoxicillin 250 MG / Clavulanate 125 MG Oral Tablet, Kyleena 19.5 MG Intrauterine System, Hydrochlorothiazide 25 MG Oral Tablet, Camila 28 Day Pack, Acetaminophen 325 MG Oral Tablet, Seasonique 91 Day Pack, lisinopril 10 MG Oral Tablet","Viral sinusitis (disorder), Hypertension",
202,162135b4-931d-a531-c2ad-047b0c24abe8,20,999-45-4911,Genna,Stehr,unknown,white,F,956 Doyle Trace,Dartmouth,"Jolivette 28 Day Pack, Simvastatin 20 MG Oral Tablet, cetirizine hydrochloride 5 MG Oral Tablet, NDA020800 0.3 ML Epinephrine 1 MG/ML Auto-Injector, Amlodipine 5 MG Oral Tablet, Nitroglycerin 0.4 MG/ACTUAT Mucosal Spray, NDA020503 200 ACTUAT Albuterol 0.09 MG/ACTUAT Metered Dose Inhaler, Acetaminophen 160 MG Chewable Tablet, 120 ACTUAT Fluticasone propionate 0.044 MG/ACTUAT Metered Dose Inhaler, Clopidogrel 75 MG Oral Tablet",Childhood asthma,"Mold , Peanut , Grass pollen , Aspirin, House dust mite , Animal dander , Bee venom , Tree pollen "
203,bf0ad07a-462c-e0c9-bc3c-c40645afc6f9,65,999-80-5384,Clay,Gleason,married,white,M,990 Pouros Green Apt 48,Salem,"Naproxen sodium 220 MG Oral Tablet, Diazepam 5 MG Oral Tablet",,
204,aa01ba4c-e0ac-805a-f1cb-9b38dc431f4f,62,999-81-5160,Lizette,Nikolaus,married,white,F,407 Bins Alley,Southborough,"NuvaRing 0.12/0.015 MG per 24HR 21 Day Vaginal Ring, Acetaminophen 325 MG / Oxycodone Hydrochloride 10 MG Oral Tablet [Percocet], Simvastatin 10 MG Oral Tablet, Acetaminophen 21.7 MG/ML / Dextromethorphan Hydrobromide 1 MG/ML / doxylamine succinate 0.417 MG/ML Oral Solution, 24 HR Metformin hydrochloride 500 MG Extended Release Oral Tablet","Diabetes, Acute bronchitis (disorder), Hyperlipidemia",
205,f665d685-1e8b-dc83-a1e4-7ca3f26d5a8c,54,999-22-8599,Palma,Mann,married,white,F,460 O'Keefe Wall,Waltham,"ferrous sulfate 325 MG Oral Tablet, 1 ML medroxyPROGESTERone acetate 150 MG/ML Injection, Kyleena 19.5 MG Intrauterine System, Vitamin B 12 5 MG/ML Injectable Solution, Camila 28 Day Pack, Acetaminophen 325 MG Oral Tablet, Simvastatin 10 MG Oral Tablet, Etonogestrel 68 MG Drug Implant, 168 HR Ethinyl Estradiol 0.00146 MG/HR / norelgestromin 0.00625 MG/HR Transdermal System","Acute bronchitis (disorder), Hyperlipidemia",
206,fbc55f1a-9438-99af-595e-8a4196b6684b,33,999-26-7401,Bee,Jacobi,married,white,F,227 Labadie Alley,Somerset,"Jolivette 28 Day Pack, diphenhydrAMINE Hydrochloride 25 MG Oral Tablet, NDA020800 0.3 ML Epinephrine 1 MG/ML Auto-Injector, amLODIPine 2.5 MG Oral Tablet, NDA020503 200 ACTUAT Albuterol 0.09 MG/ACTUAT Metered Dose Inhaler, Errin 28 Day Pack, Acetaminophen 325 MG Oral Tablet, 120 ACTUAT Fluticasone propionate 0.044 MG/ACTUAT Metered Dose Inhaler, lisinopril 10 MG Oral Tablet","Acute bronchitis (disorder), Childhood asthma, Hypertension","Mold , Wheat , Grass pollen , House dust mite , Animal dander , Tree pollen , Tree nut "
207,7fc4f0ed-3671-9ba3-43ba-f7e8da8ca108,21,999-33-8801,Cher,Becker,unknown,white,F,265 Steuber Gate,Springfield,"NDA020800 0.3 ML Epinephrine 1 MG/ML Auto-Injector, 1 ML medroxyPROGESTERone acetate 150 MG/ML Injection, Ibuprofen 100 MG Oral Tablet, Errin 28 Day Pack, Acetaminophen 325 MG Oral Tablet, predniSONE 5 MG Oral Tablet, Fexofenadine hydrochloride 30 MG Oral Tablet",Acute bronchitis (disorder),"Mold , Peanut , Grass pollen , Shellfish , Cow's milk , Latex , House dust mite , Animal dander , Bee venom , Tree pollen "
208,60e27639-436c-6c04-1ff6-9790df8552f8,66,999-19-4735,Lashandra,Ankunding,married,white,F,450 Greenfelder Forge Unit 0,Belmont,"pregabalin 100 MG Oral Capsule, Naproxen 500 MG Oral Tablet, Ibuprofen 200 MG Oral Tablet",Primary fibromyalgia syndrome,
209,659bd07d-dffb-9aa2-6a0d-7c52e41e46eb,77,999-52-9278,Michele,Murphy,married,hawaiian,F,449 Prohaska Run Apt 98,Arlington,"Acetaminophen 325 MG Oral Tablet, Alendronic acid 10 MG Oral Tablet",Acute bronchitis (disorder),
210,22e14c09-32f4-0b73-36e3-b38c967afd1b,80,999-39-7122,Jerica,Glover,married,white,F,454 Casper Row,Lowell,"5 ML fulvestrant 50 MG/ML Prefilled Syringe, palbociclib 100 MG Oral Capsule, Acetaminophen 325 MG Oral Tablet, Alendronic acid 10 MG Oral Tablet, Cyclophosphamide 1000 MG Injection",Malignant neoplasm of breast (disorder),
211,a19e5a5b-084c-13c5-fcd6-c5fb27e80b14,9,999-11-8197,Demetra,Jaskolski,unknown,white,F,317 Feil Dale,Boston,"Acetaminophen 160 MG Chewable Tablet, NDA020800 0.3 ML Epinephrine 1 MG/ML Auto-Injector, Amoxicillin 500 MG Oral Tablet, Fexofenadine hydrochloride 30 MG Oral Tablet",,"Mold , Wheat , Grass pollen , Cow's milk , Latex , House dust mite , Animal dander , Tree pollen "
212,d1ac7006-362b-cc1d-d516-f11d65055473,93,999-70-8556,Nita,McLaughlin,married,white,F,404 Jacobi Mission,Wellesley,"Warfarin Sodium 5 MG Oral Tablet, Verapamil Hydrochloride 40 MG, Digoxin 0.125 MG Oral Tablet, NDA020503 200 ACTUAT Albuterol 0.09 MG/ACTUAT Metered Dose Inhaler, Acetaminophen 325 MG Oral Tablet, 120 ACTUAT Fluticasone propionate 0.044 MG/ACTUAT Metered Dose Inhaler, Acetaminophen 21.7 MG/ML / Dextromethorphan Hydrobromide 1 MG/ML / doxylamine succinate 0.417 MG/ML Oral Solution","Childhood asthma, Acute bronchitis (disorder)",
213,2e555528-3530-497a-222a-7a3bbb35d938,77,999-47-8226,Bob,Waelchi,married,white,M,930 Stamm Course Suite 33,Charlton,"Simvastatin 10 MG Oral Tablet, Alteplase 100 MG Injection, Clopidogrel 75 MG Oral Tablet, lisinopril 10 MG Oral Tablet","Hypertension, Hyperlipidemia",
214,3dfce025-b696-711a-8c2d-6903736e2882,63,999-15-5852,Henry,Gottlieb,single,white,F,257 Heaney Parade,Scituate,"Vitamin B 12 5 MG/ML Injectable Solution, Acetaminophen 325 MG Oral Tablet, 1 ML medroxyprogesterone acetate 150 MG/ML Injection, insulin human  isophane 70 UNT/ML / Regular Insulin  Human 30 UNT/ML Injectable Suspension [Humulin], Ibuprofen 400 MG Oral Tablet [Ibu], Acetaminophen 325 MG Oral Tablet [Tylenol]","Diabetes, Acute bronchitis (disorder)",
215,d02b2ca5-7e63-1c3d-505f-3a7218bac46d,65,999-16-6162,Krystyna,VonRueden,married,white,F,699 Harris Grove,Lowell,"amLODIPine 2.5 MG Oral Tablet, Penicillin V Potassium 500 MG Oral Tablet, Simvastatin 10 MG Oral Tablet, Acetaminophen 300 MG / Hydrocodone Bitartrate 5 MG Oral Tablet, lisinopril 10 MG Oral Tablet","Streptococcal sore throat (disorder), Hypertension, Hyperlipidemia",
216,05877654-69c4-d607-400e-e162ea103642,32,999-82-3432,Yuonne,Dooley,single,white,F,752 Bogisich Skyway,Bedford,"Naproxen sodium 220 MG Oral Tablet, NuvaRing 0.12/0.015 MG per 24HR 21 Day Vaginal Ring, NDA020800 0.3 ML Epinephrine 1 MG/ML Auto-Injector, amLODIPine 2.5 MG Oral Tablet, Acetaminophen 325 MG Oral Tablet, Camila 28 Day Pack, 1 ML medroxyprogesterone acetate 150 MG/ML Injection, Levora 0.15/30 28 Day Pack, Acetaminophen 325 MG / HYDROcodone Bitartrate 7.5 MG Oral Tablet, Seasonique 91 Day Pack, Mirena 52 MG Intrauterine System, Loratadine 5 MG Chewable Tablet, Ibuprofen 400 MG Oral Tablet [Ibu]","Acute bronchitis (disorder), Hypertension","Mold , Grass pollen , Fish , House dust mite , Animal dander , Bee venom , Tree pollen "
217,f75b4628-3ea9-4f6c-b3a6-e7ff678f58cf,45,999-76-4109,Joseph,Stiedemann,married,white,F,897 Brown Extension,Upton,"Vitamin B 12 5 MG/ML Injectable Solution, Amoxicillin 250 MG / Clavulanate 125 MG Oral Tablet, ferrous sulfate 325 MG Oral Tablet",Viral sinusitis (disorder),
218,859e5c6f-f1db-308d-0e33-57d392c1bf04,16,999-10-9579,Augustine,Gorczany,unknown,white,M,591 Bartoletti Spur Suite 22,Springfield,"Simvastatin 20 MG Oral Tablet, Ibuprofen 100 MG Oral Tablet, Amlodipine 5 MG Oral Tablet, Nitroglycerin 0.4 MG/ACTUAT Mucosal Spray, Acetaminophen 325 MG Oral Tablet, Clopidogrel 75 MG Oral Tablet, Atorvastatin 80 MG Oral Tablet, Captopril 25 MG Oral Tablet",Acute bronchitis (disorder),
219,ad95e4f9-ac42-a37b-9844-01a21e8fd5db,20,999-36-3358,Rachell,Lesch,unknown,white,F,587 Daugherty Brook,Saugus,"NDA020800 0.3 ML Epinephrine 1 MG/ML Auto-Injector, Amoxicillin 250 MG / Clavulanate 125 MG Oral Tablet, Trinessa 28 Day Pack, NDA020503 200 ACTUAT Albuterol 0.09 MG/ACTUAT Metered Dose Inhaler, 120 ACTUAT Fluticasone propionate 0.044 MG/ACTUAT Metered Dose Inhaler, Loratadine 5 MG Chewable Tablet","Viral sinusitis (disorder), Childhood asthma","Mold , Eggs  , Latex , House dust mite , Animal dander , Tree pollen , Tree nut "
220,f0aa92fa-13d6-6e8c-cc01-9986ce990b5e,59,999-74-9907,Jamie,Luettgen,single,white,M,757 Ankunding Annex Apt 35,Canton,"Naproxen sodium 220 MG Oral Tablet, Amoxicillin 250 MG / Clavulanate 125 MG Oral Tablet, Ibuprofen 400 MG Oral Tablet [Ibu], lisinopril 10 MG Oral Tablet","Viral sinusitis (disorder), Hypertension",
221,67c6597f-c239-a595-beac-b2941e7b54ff,61,999-95-2652,Levi,Ratke,married,asian,M,378 McGlynn Union,Pepperell,"Naproxen sodium 220 MG Oral Tablet, Amoxicillin 250 MG Oral Capsule, Penicillin V Potassium 500 MG Oral Tablet, Simvastatin 10 MG Oral Tablet, Acetaminophen 21.7 MG/ML / Dextromethorphan Hydrobromide 1 MG/ML / doxylamine succinate 0.417 MG/ML Oral Solution, Acetaminophen 300 MG / Hydrocodone Bitartrate 5 MG Oral Tablet","Streptococcal sore throat (disorder), Acute bronchitis (disorder), Hyperlipidemia",
222,6eca45da-1034-4775-72fd-fa3012b4ca45,14,999-58-6213,Charlott,Ryan,unknown,white,F,856 Ankunding Mews,Boston,"Ibuprofen 100 MG Oral Tablet, Amoxicillin 250 MG / Clavulanate 125 MG Oral Tablet, Amoxicillin 500 MG Oral Tablet, Cefuroxime 250 MG Oral Tablet",Viral sinusitis (disorder),
223,a8eed586-7fc7-e064-78ee-c6d227039940,10,999-87-2722,Augustine,Dickinson,unknown,white,M,936 Mohr Rapid Suite 31,Arlington,"Ibuprofen 100 MG Oral Tablet, Acetaminophen 160 MG Chewable Tablet, Amoxicillin 500 MG Oral Tablet",,
224,2c622c62-af49-25e3-4f67-3ab19a455bb2,37,999-89-8759,Isaac,Marks,single,white,M,343 Kerluke Trafficway Suite 44,Holliston,Diazepam 5 MG Oral Tablet,,
225,ce54be47-1a8f-e1eb-9b4d-ca61378d9f41,101,999-47-6461,Trinh,Sanford,married,white,F,1023 Quigley Camp Unit 54,Danvers,"amLODIPine 2.5 MG Oral Tablet, Hydrochlorothiazide 25 MG Oral Tablet, Acetaminophen 325 MG Oral Tablet, Acetaminophen 325 MG Oral Tablet [Tylenol], Simvastatin 10 MG Oral Tablet, doxycycline hyclate 100 MG, lisinopril 10 MG Oral Tablet","Acute bronchitis (disorder), Viral sinusitis (disorder), Hypertension, Hyperlipidemia","Peanut , Penicillin V"
226,730963e3-8472-75ab-fc64-5be33cdcc125,52,999-31-7174,Teresa,Estévez,married,white,F,821 Lehner Skyway,Bellingham,"Jolivette 28 Day Pack, Naproxen sodium 220 MG Oral Tablet, NuvaRing 0.12/0.015 MG per 24HR 21 Day Vaginal Ring, amLODIPine 2.5 MG Oral Tablet, 3 ML Amiodarone hydrocholoride 50 MG/ML Prefilled Syringe, Hydrochlorothiazide 25 MG Oral Tablet, Acetaminophen 325 MG Oral Tablet, 1 ML Epinephrine 1 MG/ML Injection, 1 ML medroxyprogesterone acetate 150 MG/ML Injection, Mirena 52 MG Intrauterine System, Atropine Sulfate 1 MG/ML Injectable Solution","Acute bronchitis (disorder), Hypertension",
227,4727c1ea-a23f-270d-f38f-e03857029aee,31,999-27-1176,Tristan,Zulauf,single,white,M,1049 Dare Branch Apt 3,Walpole,Ibuprofen 200 MG Oral Tablet,,
228,be01726c-4937-554f-6d8f-58f8ec72ebab,28,999-36-8838,Wilford,Hilpert,unknown,asian,M,822 Casper Green,Beverly,"Naproxen sodium 220 MG Oral Tablet, Ibuprofen 200 MG Oral Tablet",,
229,e92e2c9d-d257-4f3c-73aa-a6ee61ec8db1,44,999-11-8132,Pablo,Schulist,married,white,M,1043 McLaughlin Park,Dennis,"Colchicine 0.6 MG Oral Tablet, Acetaminophen 325 MG Oral Tablet, Allopurinol 100 MG Oral Tablet, Acetaminophen 21.7 MG/ML / Dextromethorphan Hydrobromide 1 MG/ML / doxylamine succinate 0.417 MG/ML Oral Solution, Naproxen 500 MG Oral Tablet, lisinopril 10 MG Oral Tablet","Acute bronchitis (disorder), Gout, Hypertension",
230,c0c41fd4-6b03-a08f-ca14-94e353230678,67,999-18-1814,Jennie,Jerde,married,white,F,971 Rice Extension,Springfield,Amoxicillin 250 MG / Clavulanate 125 MG Oral Tablet,Viral sinusitis (disorder),
231,988ba5c5-bb2c-1453-cfe7-16ea41c47b42,46,999-48-8530,Eleanora,Hyatt,married,white,F,937 Bartell Parade,Acushnet,"Natazia 28 Day Pack, ferrous sulfate 325 MG Oral Tablet, Trinessa 28 Day Pack, Kyleena 19.5 MG Intrauterine System, Errin 28 Day Pack, Yaz 28 Day Pack, Etonogestrel 68 MG Drug Implant",,
232,f6542a20-3b0a-addd-d3a2-6a621f67970f,50,999-77-2075,Virgil,Farrell,single,white,M,829 Hickle Gateway Unit 29,Charlton,"Acetaminophen 325 MG Oral Tablet, Amoxicillin 250 MG / Clavulanate 125 MG Oral Tablet, Ibuprofen 200 MG Oral Tablet","Viral sinusitis (disorder), Acute bronchitis (disorder)",
233,6f4a8d14-cba0-49d8-10c1-6669dff22f2f,36,999-31-6444,Robin,Reilly,married,white,F,239 Leffler Ramp,Mashpee,"Jolivette 28 Day Pack, Amoxicillin 250 MG / Clavulanate 125 MG Oral Tablet, Levora 0.15/30 28 Day Pack, Acetaminophen 300 MG / Hydrocodone Bitartrate 5 MG Oral Tablet, Ibuprofen 400 MG Oral Tablet [Ibu]",Viral sinusitis (disorder),
234,561db9de-7617-4fed-b230-1553b8dd65f3,30,999-50-1190,Jackelyn,Ledner,unknown,white,F,719 Frami Rue Suite 69,Palmer,"Ibuprofen 200 MG Oral Tablet, amLODIPine 2.5 MG Oral Tablet, Hydrochlorothiazide 25 MG Oral Tablet, Camila 28 Day Pack, Phenazopyridine hydrochloride 100 MG Oral Tablet, Nitrofurantoin 5 MG/ML Oral Suspension, lisinopril 10 MG Oral Tablet","Escherichia coli urinary tract infection, Hypertension",
235,a06bce31-d0dc-f345-df41-777fb453afaf,91,999-58-3708,Fernando,Klein,married,white,M,730 Schaefer Annex Suite 31,Middleborough Center,"Naproxen sodium 220 MG Oral Tablet, Warfarin Sodium 5 MG Oral Tablet, amLODIPine 2.5 MG Oral Tablet, Verapamil Hydrochloride 40 MG, Penicillin V Potassium 500 MG Oral Tablet, Digoxin 0.125 MG Oral Tablet, Hydrochlorothiazide 25 MG Oral Tablet, Acetaminophen 325 MG Oral Tablet, Simvastatin 10 MG Oral Tablet, Alendronic acid 10 MG Oral Tablet, lisinopril 10 MG Oral Tablet","Streptococcal sore throat (disorder), Hypertension, Hyperlipidemia",
236,319372b8-27b1-b827-5c89-ac991fc17407,66,999-64-9292,Booker,Brown,married,white,M,336 Fay Rest Apt 60,Boston,"24hr nicotine transdermal patch, Acetaminophen 500 MG Oral Tablet, 0.4 ML Enoxaparin sodium 100 MG/ML Prefilled Syringe, Sertraline 100 MG Oral Tablet, Acetaminophen 325 MG Oral Tablet, 1 ML Enoxaparin sodium 150 MG/ML Prefilled Syringe, lisinopril 10 MG Oral Tablet","Posttraumatic stress disorder, Hypertension, Acute pulmonary embolism (disorder)","Mold , Grass pollen , Shellfish , Fish , Eggs  , Cow's milk , Latex , House dust mite , Animal dander , Tree pollen , Tree nut "
237,30db29cb-a1c0-272e-bfed-ce88ebc23b2d,60,999-54-8730,Barbara,Acevedo,married,white,F,619 Purdy Run Suite 61,Southborough,"Naproxen sodium 220 MG Oral Tablet, Amoxicillin 250 MG / Clavulanate 125 MG Oral Tablet, Acetaminophen 325 MG Oral Tablet, Phenazopyridine hydrochloride 100 MG Oral Tablet, Etonogestrel 68 MG Drug Implant, Nitrofurantoin 5 MG/ML Oral Suspension, 24 HR Metformin hydrochloride 500 MG Extended Release Oral Tablet, Ibuprofen 400 MG Oral Tablet [Ibu]","Viral sinusitis (disorder), Diabetes, Acute bronchitis (disorder), Cystitis",
238,d321aaa9-5b61-14ae-832b-46b4b50fd88e,66,999-20-6277,Lynetta,Hahn,married,white,F,852 Hintz Lane,Quincy,"lisinopril 10 MG Oral Tablet, Alteplase 100 MG Injection, Warfarin Sodium 5 MG Oral Tablet, Verapamil Hydrochloride 40 MG, Digoxin 0.125 MG Oral Tablet, Clopidogrel 75 MG Oral Tablet, Ibuprofen 400 MG Oral Tablet [Ibu]",Hypertension,
239,4ca722b8-631c-fc54-1145-8d2c4d66809f,61,999-53-9668,Dona,Purdy,married,white,F,519 Hessel Mall Unit 61,Boston,"Hydrochlorothiazide 25 MG Oral Tablet, Vitamin B 12 5 MG/ML Injectable Solution, Errin 28 Day Pack, Acetaminophen 325 MG Oral Tablet","Acute bronchitis (disorder), Hypertension",
240,3ce79121-6f1a-8d00-726d-bc0af611d017,53,999-35-7725,Randal,Robel,married,white,M,168 Koch Light Unit 42,Millbury,"Naproxen sodium 220 MG Oral Tablet, Hydrocortisone 10 MG/ML Topical Cream, NDA020800 0.3 ML Epinephrine 1 MG/ML Auto-Injector, Fexofenadine hydrochloride 60 MG Oral Tablet, Acetaminophen 325 MG Oral Tablet","Contact dermatitis, Osteoarthritis of knee",Mold 
241,17ad4670-1e85-702d-c7b5-eac3e87f90ed,27,999-38-3378,Stephanie,Gibson,unknown,white,F,519 Cassin View,South Hadley,"Jolivette 28 Day Pack, Natazia 28 Day Pack, Acetaminophen 325 MG Oral Tablet, Levora 0.15/30 28 Day Pack, Acetaminophen 325 MG / Oxycodone Hydrochloride 5 MG Oral Tablet, lisinopril 10 MG Oral Tablet","Acute bronchitis (disorder), Hypertension",
242,19162199-ffeb-d890-6d5e-ed7afe08f1c0,15,999-74-5964,Mateo,Cardenas,unknown,white,M,952 Carroll Parade,Bellingham,"Ibuprofen 100 MG Oral Tablet, Amoxicillin 500 MG Oral Tablet",,
243,48fe9d25-b0b2-df56-3756-90843b3044a9,20,999-37-3003,Bibi,Stoltenberg,unknown,white,F,149 Legros Quay Apt 66,Westborough,"Penicillin V Potassium 250 MG Oral Tablet, Hydrocortisone 10 MG/ML Topical Cream, NDA020800 0.3 ML Epinephrine 1 MG/ML Auto-Injector, Ibuprofen 100 MG Oral Tablet, Yaz 28 Day Pack, Levora 0.15/30 28 Day Pack, Fexofenadine hydrochloride 30 MG Oral Tablet, Acetaminophen 21.7 MG/ML / Dextromethorphan Hydrobromide 1 MG/ML / doxylamine succinate 0.417 MG/ML Oral Solution","Streptococcal sore throat (disorder), Atopic dermatitis, Acute bronchitis (disorder)","Mold , Peanut , Grass pollen , Shellfish , Soya bean , House dust mite , Animal dander , Bee venom , Tree pollen "
244,9d92805b-c25a-c7ad-60ca-80c93ffb80b1,87,999-97-2103,Frances,Smitham,married,white,M,898 Bernier Mews,Bourne,"Naproxen sodium 220 MG Oral Tablet, Warfarin Sodium 5 MG Oral Tablet, Verapamil Hydrochloride 40 MG, Digoxin 0.125 MG Oral Tablet, Simvastatin 10 MG Oral Tablet, Acetaminophen 325 MG / Oxycodone Hydrochloride 10 MG Oral Tablet [Percocet], Acetaminophen 300 MG / Hydrocodone Bitartrate 5 MG Oral Tablet","Osteoarthritis of hip, Hyperlipidemia",
245,11256c20-8feb-4033-de96-7d689a7d123a,17,999-31-1814,Gabriel,Villalpando,unknown,white,M,884 Rowe Green Unit 43,Boston,"Acetaminophen 325 MG Oral Tablet, Acetaminophen 160 MG Chewable Tablet, Amoxicillin 500 MG Oral Tablet, Ibuprofen 100 MG Oral Tablet",Acute bronchitis (disorder),
246,4688bc6a-6bd0-4a88-a590-9a11677082c9,40,999-16-4013,Kyra,Pagac,married,white,F,137 Kerluke Plaza,Canton,"Natazia 28 Day Pack, NuvaRing 0.12/0.015 MG per 24HR 21 Day Vaginal Ring, NDA020800 0.3 ML Epinephrine 1 MG/ML Auto-Injector, Penicillin V Potassium 500 MG Oral Tablet, Astemizole 10 MG Oral Tablet, Liletta 52 MG Intrauterine System, 72 HR Fentanyl 0.025 MG/HR Transdermal System, Phenazopyridine hydrochloride 100 MG Oral Tablet, Mirena 52 MG Intrauterine System, Nitrofurantoin 5 MG/ML Oral Suspension, tramadol hydrochloride 50 MG Oral Tablet","Escherichia coli urinary tract infection, Streptococcal sore throat (disorder)","Mold , Grass pollen , House dust mite , Animal dander , Tree pollen "
247,9e9a8955-c4c4-dd80-2a2a-1c6b602efbf5,6,999-75-4152,Luella,Corwin,unknown,white,F,530 Abbott Overpass,North Plymouth,"Acetaminophen 160 MG Chewable Tablet, Cefuroxime 250 MG Oral Tablet",,
248,bb4116b4-db28-ec8f-cce5-6ec08b2ea0a0,44,999-39-4055,Son,Rodriguez,married,white,M,1011 Stoltenberg Vista,Danvers,Acetaminophen 325 MG Oral Tablet,Acute bronchitis (disorder),
249,0ae08855-8e6c-5308-3ab5-da0080b36425,39,999-77-4319,Josefina,Deckow,married,asian,F,676 Kshlerin Rest,Lowell,"Jolivette 28 Day Pack, amLODIPine 2.5 MG Oral Tablet, Amoxicillin 250 MG / Clavulanate 125 MG Oral Tablet, Camila 28 Day Pack, Ibuprofen 400 MG Oral Tablet [Ibu]","Viral sinusitis (disorder), Acute bacterial sinusitis (disorder), Hypertension",
250,122d96b5-9b37-a7c2-7567-c3a66ae854d7,70,999-84-7825,Bridgette,Schuppe,single,white,F,970 Dietrich Street,Middleborough,Acetaminophen 325 MG Oral Tablet,Acute bronchitis (disorder),
251,2987fe83-93bf-9d7d-1b8d-481913f54c5c,38,999-84-5527,Tracy,Kassulke,married,white,M,261 Emard Gardens Apt 53,Ashby,Ibuprofen 200 MG Oral Tablet,,
252,f533e863-964d-b59a-cf56-8f4b5f1c8959,52,999-12-2847,Chara,MacGyver,married,black,F,787 Keeling Esplanade Unit 27,Palmer,"Phenazopyridine hydrochloride 100 MG Oral Tablet, Nitrofurantoin 5 MG/ML Oral Suspension, Ibuprofen 200 MG Oral Tablet",Cystitis,
253,6149e55a-5f2f-98ca-2767-c7f1ac73ca50,20,999-21-7002,Chantel,Grady,unknown,white,F,1096 Jacobson Arcade Apt 6,West Springfield,"Ibuprofen 100 MG Oral Tablet, Natazia 28 Day Pack",,
254,02b1604a-1bad-bc6f-5b72-d219ecd8f7f4,65,999-36-5754,Tanner,Hoeger,married,black,M,615 Kulas Trailer,Lynn,"Simvastatin 10 MG Oral Tablet, Acetaminophen 325 MG Oral Tablet","Acute bronchitis (disorder), Hyperlipidemia",
255,eb98cdce-f8b2-bbb8-a720-cef7cca9823e,15,999-73-9325,Shalanda,Price,unknown,white,F,789 Kovacek Brook Unit 78,Randolph,"Ibuprofen 100 MG Oral Tablet, Amoxicillin 500 MG Oral Tablet",,
256,4ba15182-a126-7f01-a46e-1901c5c5ceae,20,999-42-1026,Louis,Senger,unknown,white,M,441 Ankunding Viaduct,Woburn,"Acetaminophen 325 MG Oral Tablet, Amoxicillin 250 MG / Clavulanate 125 MG Oral Tablet, Loratadine 5 MG Chewable Tablet, NDA020800 0.3 ML Epinephrine 1 MG/ML Auto-Injector",Viral sinusitis (disorder),Peanut 
257,ba9773bf-d2ba-899b-a68c-4ef986c1325e,59,999-37-4701,Birgit,Maggio,married,white,F,731 Kiehn Estate Suite 65,Swansea,"Naproxen sodium 220 MG Oral Tablet, Acetaminophen 21.7 MG/ML / Dextromethorphan Hydrobromide 1 MG/ML / doxylamine succinate 0.417 MG/ML Oral Solution","Localized  primary osteoarthritis of the hand, Acute bronchitis (disorder)",
258,3f6c7ea3-e73b-025e-06ab-e452943effad,19,999-46-8935,Olivia,Lovato,unknown,white,F,877 Witting Dale Unit 76,Worcester,"Natazia 28 Day Pack, cetirizine hydrochloride 5 MG Oral Tablet, NDA020800 0.3 ML Epinephrine 1 MG/ML Auto-Injector, NDA020503 200 ACTUAT Albuterol 0.09 MG/ACTUAT Metered Dose Inhaler, Acetaminophen 325 MG Oral Tablet, 120 ACTUAT Fluticasone propionate 0.044 MG/ACTUAT Metered Dose Inhaler, Acetaminophen 21.7 MG/ML / Dextromethorphan Hydrobromide 1 MG/ML / doxylamine succinate 0.417 MG/ML Oral Solution","Childhood asthma, Acute bronchitis (disorder)","Mold , Penicillin V, House dust mite , Animal dander , Tree pollen "
259,72f91cc7-fb63-84e8-32ff-86456bfa446e,83,999-45-2196,Kim,Barton,married,white,M,1070 Tromp Byway Apt 35,Wales,"Hydrocortisone 10 MG/ML Topical Cream, Ibuprofen 200 MG Oral Tablet, Amoxicillin 250 MG / Clavulanate 125 MG Oral Tablet, Hydrochlorothiazide 25 MG Oral Tablet, Vitamin B 12 5 MG/ML Injectable Solution","Contact dermatitis, Viral sinusitis (disorder), Hypertension",Mold 
260,e0385e19-8fee-2a84-3ce6-193b08587ecc,13,999-85-1641,Jospeh,Mann,unknown,white,M,772 Prohaska Ferry Apt 59,Sutton,"Acetaminophen 325 MG Oral Tablet, Acetaminophen 21.7 MG/ML / Dextromethorphan Hydrobromide 1 MG/ML / doxylamine succinate 0.417 MG/ML Oral Solution, Penicillin V Potassium 250 MG Oral Tablet, Acetaminophen 160 MG Chewable Tablet","Streptococcal sore throat (disorder), Acute bronchitis (disorder)",
261,7cfbccad-2a81-400a-4858-1d2f4b680960,31,999-86-2397,Nathan,Stroman,married,white,M,387 Bailey Ramp Apt 77,Williamsburg,"Amoxicillin 250 MG Oral Capsule, Amoxicillin 250 MG / Clavulanate 125 MG Oral Tablet, Acetaminophen 300 MG / Codeine Phosphate 15 MG Oral Tablet, Acetaminophen 325 MG Oral Tablet, Acetaminophen 325 MG Oral Tablet [Tylenol], Acetaminophen 325 MG / Oxycodone Hydrochloride 10 MG Oral Tablet [Percocet], Acetaminophen 300 MG / Hydrocodone Bitartrate 5 MG Oral Tablet, tramadol hydrochloride 50 MG Oral Tablet",Viral sinusitis (disorder),
262,b91dc3fd-3ed0-eb50-9376-e9bd9ab26940,62,999-70-6201,Lenard,Carroll,married,white,M,365 Dickens Landing Suite 59,Attleboro,"Naproxen sodium 220 MG Oral Tablet, Ibuprofen 200 MG Oral Tablet, Hydrochlorothiazide 25 MG Oral Tablet, Furosemide 40 MG Oral Tablet, 10 ML Furosemide 10 MG/ML Injection","Chronic congestive heart failure (disorder), Osteoarthritis of knee, Hypertension",
263,4b10c406-d391-31dc-cefd-5812b6832cf9,74,999-39-7871,Beth,Osinski,married,black,F,620 Purdy Ferry,Merrimac,"Naproxen sodium 220 MG Oral Tablet, Levothyroxine Sodium 0.075 MG Oral Tablet, ferrous sulfate 325 MG Oral Tablet",Osteoarthritis of knee,
264,83a86980-de17-1b13-d31a-78f2376649af,24,999-99-5627,Stephan,Krajcik,unknown,white,M,975 Kuvalis Port Apt 95,Amherst,"Naproxen sodium 220 MG Oral Tablet, amLODIPine 2.5 MG Oral Tablet, Meperidine Hydrochloride 50 MG Oral Tablet, Hydrochlorothiazide 25 MG Oral Tablet, Acetaminophen 325 MG Oral Tablet, lisinopril 10 MG Oral Tablet","Hypertension, Acute bronchitis (disorder)",
265,2c098b38-279d-88b3-d553-e87b56eb1b04,31,999-38-3600,Marcela,Almonte,unknown,white,F,393 Haley Road Unit 51,Chelsea,"Jolivette 28 Day Pack, NuvaRing 0.12/0.015 MG per 24HR 21 Day Vaginal Ring, Acetaminophen 325 MG / oxyCODONE Hydrochloride 5 MG Oral Tablet, Abuse-Deterrent 12 HR Oxycodone Hydrochloride 15 MG Extended Release Oral Tablet, Amoxicillin 250 MG Oral Capsule, Errin 28 Day Pack, Acetaminophen 325 MG Oral Tablet, Camila 28 Day Pack, Yaz 28 Day Pack, Seasonique 91 Day Pack",,
266,f8cbe1ed-be00-21ac-5705-080cb286f964,32,999-18-2735,Anna,Davis,married,white,F,496 Zboncak Meadow,Brookline,"Hydrocortisone 10 MG/ML Topical Cream, Ibuprofen 200 MG Oral Tablet, NDA020800 0.3 ML Epinephrine 1 MG/ML Auto-Injector, Trinessa 28 Day Pack, Yaz 28 Day Pack, Levora 0.15/30 28 Day Pack, Seasonique 91 Day Pack, Loratadine 10 MG Oral Tablet",Contact dermatitis,
267,454bbec4-42bc-bd2c-fe3a-f8f4fc4346e9,24,999-88-1494,Kizzy,Daniel,unknown,white,F,649 Langosh Lock,Whitman,"Hydrocortisone 10 MG/ML Topical Cream, NDA020800 0.3 ML Epinephrine 1 MG/ML Auto-Injector, Amoxicillin 250 MG / Clavulanate 125 MG Oral Tablet, NDA020503 200 ACTUAT Albuterol 0.09 MG/ACTUAT Metered Dose Inhaler, Yaz 28 Day Pack, 120 ACTUAT Fluticasone propionate 0.044 MG/ACTUAT Metered Dose Inhaler, Loratadine 5 MG Chewable Tablet","Viral sinusitis (disorder), Atopic dermatitis, Childhood asthma","Mold , Wheat , Grass pollen , Soya bean , Cow's milk , Latex , House dust mite , Animal dander , Bee venom , Tree pollen , Tree nut "
268,6f0b58f9-cb95-1fb3-5fef-cd914f9b4de3,45,999-53-7954,Devon,Bernhard,single,white,F,1065 Sporer Underpass,Methuen,"Jolivette 28 Day Pack, Abuse-Deterrent 12 HR Oxycodone Hydrochloride 10 MG Extended Release Oral Tablet [Oxycontin], Phenazopyridine hydrochloride 100 MG Oral Tablet, Etonogestrel 68 MG Drug Implant, 168 HR Ethinyl Estradiol 0.00146 MG/HR / norelgestromin 0.00625 MG/HR Transdermal System, Nitrofurantoin 5 MG/ML Oral Suspension, Acetaminophen 300 MG / Hydrocodone Bitartrate 5 MG Oral Tablet, lisinopril 10 MG Oral Tablet","Escherichia coli urinary tract infection, Hypertension",
269,0cb8b8f9-fc42-2841-9578-dbff50c6c86e,25,999-76-8776,Reyes,White,unknown,white,M,175 Kihn Rapid Apt 20,Cambridge,"amLODIPine 2.5 MG Oral Tablet, Amoxicillin 250 MG / Clavulanate 125 MG Oral Tablet, Acetaminophen 325 MG Oral Tablet, Hydrochlorothiazide 25 MG Oral Tablet, Methylphenidate Hydrochloride 20 MG Oral Tablet, lisinopril 10 MG Oral Tablet","Hypertension, Child attention deficit disorder, Viral sinusitis (disorder), Acute bronchitis (disorder)",
270,dba87de8-9e28-0140-47c4-9419277178f0,65,999-26-5277,Tomiko,Ratke,married,white,F,1016 Olson Wynd Apt 7,Brockton,"Acetaminophen 325 MG Oral Tablet, Naproxen sodium 220 MG Oral Tablet, Amoxicillin 250 MG Oral Capsule",Osteoarthritis of hip,
271,03e502b6-b810-06c1-7d65-83db077ed3ee,58,999-17-5418,Katharyn,Toy,married,white,F,922 Spinka Fort,Holyoke,"Jolivette 28 Day Pack, Naproxen sodium 220 MG Oral Tablet, palbociclib 100 MG Oral Capsule, Cisplatin 50 MG Injection, Etonogestrel 68 MG Drug Implant, Chlorpheniramine Maleate 2 MG/ML Oral Solution, PACLitaxel 100 MG Injection, 1 ML medroxyprogesterone acetate 150 MG/ML Injection, Simvastatin 10 MG Oral Tablet, 168 HR Ethinyl Estradiol 0.00146 MG/HR / norelgestromin 0.00625 MG/HR Transdermal System, anastrozole 1 MG Oral Tablet, 100 ML Epirubicin Hydrochloride 2 MG/ML Injection","Localized  primary osteoarthritis of the hand, Malignant neoplasm of breast (disorder), Non-small cell carcinoma of lung  TNM stage 1 (disorder), Hyperlipidemia","Mold , Wheat , Grass pollen , Penicillin V, Soya bean , Eggs  , Latex , House dust mite , Animal dander , Tree pollen "
272,bf079bf2-4d65-f4a6-0f7b-f02801b57177,22,999-99-9657,Shana,Ziemann,unknown,white,F,450 Sporer Branch Apt 52,Newton,"NuvaRing 0.12/0.015 MG per 24HR 21 Day Vaginal Ring, NDA020800 0.3 ML Epinephrine 1 MG/ML Auto-Injector, Acetaminophen 325 MG Oral Tablet, Acetaminophen 160 MG Chewable Tablet, Levora 0.15/30 28 Day Pack, Fexofenadine hydrochloride 30 MG Oral Tablet, Acetaminophen 21.7 MG/ML / Dextromethorphan Hydrobromide 1 MG/ML / doxylamine succinate 0.417 MG/ML Oral Solution, lisinopril 10 MG Oral Tablet","Hypertension, Acute bronchitis (disorder)","Mold , Peanut , Grass pollen , Aspirin, Eggs  , House dust mite , Animal dander , Tree pollen , Tree nut "
273,e61fe1f4-3daa-bbeb-649a-fdae0eeee227,12,999-15-4143,Hilario,Stroman,unknown,hawaiian,M,423 Johns Esplanade Suite 26,Rockport,"Acetaminophen 325 MG Oral Tablet, Acetaminophen 160 MG Chewable Tablet, Amoxicillin 500 MG Oral Tablet",Acute bronchitis (disorder),
274,94c64aed-cca1-dc80-c180-5ba446c00df4,35,999-23-4670,Jerica,Pfeffer,married,white,F,312 Frami Walk Unit 17,Milton,"diphenhydrAMINE Hydrochloride 25 MG Oral Tablet, NDA020800 0.3 ML Epinephrine 1 MG/ML Auto-Injector, amLODIPine 2.5 MG Oral Tablet, Ibuprofen 200 MG Oral Tablet, Meperidine Hydrochloride 50 MG Oral Tablet, Errin 28 Day Pack, Hydrochlorothiazide 25 MG Oral Tablet, Acetaminophen 325 MG Oral Tablet, 1 ML medroxyprogesterone acetate 150 MG/ML Injection, Etonogestrel 68 MG Drug Implant, lisinopril 10 MG Oral Tablet","Acute bronchitis (disorder), Hypertension","Mold , Grass pollen , Fish , Eggs  , Latex , cefdinir, Animal dander , Tree pollen , Tree nut "
275,42017485-34da-0251-9969-577a72265086,29,999-68-5210,Charles,Klocko,unknown,white,M,211 Wiza Quay Apt 54,West Springfield,Amoxicillin 250 MG / Clavulanate 125 MG Oral Tablet,Viral sinusitis (disorder),
276,01d78eb5-7f50-45e9-f524-921196a3dffe,25,999-67-3382,Siu,Konopelski,unknown,white,F,397 Leffler Hollow,Chelsea,"Naproxen sodium 220 MG Oral Tablet, NDA020800 0.3 ML Epinephrine 1 MG/ML Auto-Injector, Amoxicillin 250 MG Oral Capsule, Trinessa 28 Day Pack, Yaz 28 Day Pack, Levora 0.15/30 28 Day Pack, Fexofenadine hydrochloride 30 MG Oral Tablet",,"Mold , Grass pollen , Shellfish , Eggs  , Latex , House dust mite , Animal dander , Tree pollen , Tree nut "
277,05801c88-9f2e-536e-9068-4b7b4431d072,32,999-76-3109,Shanda,Cremin,married,white,F,233 Wuckert Promenade Apt 82,Walpole,"Jolivette 28 Day Pack, Natazia 28 Day Pack, Penicillin V Potassium 500 MG Oral Tablet, Amoxicillin 250 MG / Clavulanate 125 MG Oral Tablet, Trinessa 28 Day Pack, Acetaminophen 325 MG Oral Tablet, Camila 28 Day Pack, Levora 0.15/30 28 Day Pack","Acute bacterial sinusitis (disorder), Streptococcal sore throat (disorder), Acute bronchitis (disorder)",
278,32f516f7-b223-278c-d0de-5c0b9d70654c,40,999-25-7185,Randell,Reinger,married,white,M,800 O'Hara Fort Apt 20,Belmont,"Hydrochlorothiazide 25 MG Oral Tablet, Vitamin B 12 5 MG/ML Injectable Solution, Acetaminophen 300 MG / Hydrocodone Bitartrate 5 MG Oral Tablet, amLODIPine 2.5 MG Oral Tablet",Hypertension,
279,5da2277e-7922-0f7c-513d-fcb794d088e7,44,999-75-6970,Rosario,Brekke,married,white,M,645 Koelpin Drive,Watertown,"Acetaminophen 325 MG Oral Tablet, Naproxen sodium 220 MG Oral Tablet, Acetaminophen 325 MG / oxyCODONE Hydrochloride 5 MG Oral Tablet, Amoxicillin 250 MG Oral Capsule",Acute bronchitis (disorder),
280,30813a62-aa9f-3c7c-cc52-6c3957a3c1b1,97,999-17-2762,January,Ledner,married,asian,F,120 Zieme Manor Unit 21,Burlington,"Alteplase 100 MG Injection, Warfarin Sodium 5 MG Oral Tablet, Verapamil Hydrochloride 40 MG, Penicillin V Potassium 500 MG Oral Tablet, Digoxin 0.125 MG Oral Tablet, Vitamin B 12 5 MG/ML Injectable Solution, Acetaminophen 325 MG Oral Tablet, Cefuroxime 250 MG Oral Tablet, Clopidogrel 75 MG Oral Tablet, Alendronic acid 10 MG Oral Tablet","Streptococcal sore throat (disorder), Acute bronchitis (disorder)",
281,ad134528-56a5-35fd-c37f-466ff119c625,85,999-98-4342,Allen,Ferry,married,white,M,217 Robel Promenade,Northborough,"Acetaminophen 325 MG / oxyCODONE Hydrochloride 5 MG Oral Tablet, Warfarin Sodium 5 MG Oral Tablet, Verapamil Hydrochloride 40 MG, Digoxin 0.125 MG Oral Tablet, 0.25 ML Leuprolide Acetate 30 MG/ML Prefilled Syringe, 1 ML DOCEtaxel 20 MG/ML Injection, Acetaminophen 325 MG Oral Tablet, Acetaminophen 325 MG / Oxycodone Hydrochloride 5 MG Oral Tablet, doxycycline hyclate 100 MG, Galantamine 4 MG Oral Tablet, lisinopril 10 MG Oral Tablet","Viral sinusitis (disorder), Alzheimer's disease (disorder), Hypertension","Peanut , Penicillin V, Animal dander "
282,0b43ab26-950f-0680-3c41-f0db599d643d,38,999-48-7624,Shaun,Franecki,single,white,M,821 Koelpin Boulevard Suite 36,Medford,"Naproxen sodium 220 MG Oral Tablet, Amoxicillin 250 MG / Clavulanate 125 MG Oral Tablet, Hydrochlorothiazide 25 MG Oral Tablet, Acetaminophen 21.7 MG/ML / Dextromethorphan Hydrobromide 1 MG/ML / doxylamine succinate 0.417 MG/ML Oral Solution, lisinopril 10 MG Oral Tablet","Acute bronchitis (disorder), Viral sinusitis (disorder), Hypertension",
283,60b0873c-9665-b3f0-61f4-d09ae9667a27,78,999-38-1741,Nedra,Dooley,married,white,F,165 Hodkiewicz Grove Suite 54,Malden,"Naproxen sodium 220 MG Oral Tablet, Ibuprofen 200 MG Oral Tablet, amLODIPine 2.5 MG Oral Tablet, Meperidine Hydrochloride 50 MG Oral Tablet, Simvastatin 10 MG Oral Tablet","Osteoarthritis of knee, Hypertension, Hyperlipidemia",
284,40ef2428-c142-6e65-8e0e-0ee4098dda28,51,999-62-5189,Meghan,Jacobson,single,white,F,967 Gutkowski Light,Somerville,"Acetaminophen 325 MG / Oxycodone Hydrochloride 5 MG Oral Tablet, 24 HR Metformin hydrochloride 500 MG Extended Release Oral Tablet",Diabetes,
285,8a69ae35-07ad-e093-0162-ad02d8e1e070,26,999-11-2683,Dorsey,Klein,unknown,white,M,776 Abbott Gateway,Duxbury,atomoxetine 100 MG Oral Capsule,Child attention deficit disorder,
286,18022a84-1fd7-ba38-3567-efbc6a50e9d4,59,999-72-2163,Narcisa,Torphy,married,white,F,752 Cormier Common Suite 91,Dedham,"diphenhydrAMINE Hydrochloride 25 MG Oral Tablet, Amoxicillin 250 MG / Clavulanate 125 MG Oral Tablet, Errin 28 Day Pack, NDA020503 200 ACTUAT Albuterol 0.09 MG/ACTUAT Metered Dose Inhaler, Acetaminophen 325 MG Oral Tablet, Furosemide 40 MG Oral Tablet, Phenazopyridine hydrochloride 100 MG Oral Tablet, 120 ACTUAT Fluticasone propionate 0.044 MG/ACTUAT Metered Dose Inhaler, Mirena 52 MG Intrauterine System, Nitrofurantoin 5 MG/ML Oral Suspension","Childhood asthma, Viral sinusitis (disorder), Escherichia coli urinary tract infection, Chronic congestive heart failure (disorder), Acute bronchitis (disorder)","Mold , Grass pollen , Shellfish , Eggs  , Latex , House dust mite , Animal dander , Bee venom , Tree pollen "
287,70da0834-3ef3-7dfe-ad2a-8a00b5f87749,26,999-55-7085,Reynalda,Metz,unknown,white,F,189 Johns Orchard Suite 72,Stoughton,"Acetaminophen 21.7 MG/ML / Dextromethorphan Hydrobromide 1 MG/ML / doxylamine succinate 0.417 MG/ML Oral Solution, 1 ML medroxyPROGESTERone acetate 150 MG/ML Injection, Ibuprofen 400 MG Oral Tablet [Ibu]",Acute bronchitis (disorder),
288,73e6ab94-00b7-e78c-0f7c-a482ebf6a6f3,62,999-89-5447,Gus,Roob,single,white,M,932 Moore Orchard Apt 86,Norfolk,"Ibuprofen 200 MG Oral Tablet, amLODIPine 2.5 MG Oral Tablet, Hydrochlorothiazide 25 MG Oral Tablet, Acetaminophen 325 MG Oral Tablet, lisinopril 10 MG Oral Tablet","Acute bronchitis (disorder), Hypertension",
289,1ab85caa-724e-d796-8d77-bcaf4a295826,46,999-15-9615,Casey,Jacobi,married,other,F,789 Deckow Arcade,Springfield,"Etonogestrel 68 MG Drug Implant, Natazia 28 Day Pack, 1 ML medroxyprogesterone acetate 150 MG/ML Injection, 1 ML medroxyPROGESTERone acetate 150 MG/ML Injection",,
290,88d520e7-276e-65c7-1b5b-354aa27f2358,22,999-65-3260,Stevie,Wolff,unknown,white,M,747 Schultz Wynd,Lakeville,"Naproxen sodium 220 MG Oral Tablet, cetirizine hydrochloride 5 MG Oral Tablet, NDA020800 0.3 ML Epinephrine 1 MG/ML Auto-Injector",,"Animal dander , Mold , Tree pollen , House dust mite "
291,32cd9cb6-2fca-7062-98f0-020f9946a6f5,28,999-38-9750,Stanford,Schoen,unknown,white,M,669 Schmidt Annex Apt 66,Northbridge,Acetaminophen 325 MG Oral Tablet,Acute bronchitis (disorder),
292,c42fab5d-77f6-9b8a-2e33-3339cc104394,35,999-68-7833,Hilario,Stracke,married,white,M,946 White Pathway Suite 50,New Bedford,Penicillin V Potassium 500 MG Oral Tablet,Streptococcal sore throat (disorder),
293,3d5f91c2-0539-37c9-0691-d2bbe28c78e3,24,999-20-4381,Lashonda,Klein,unknown,white,F,1030 Ledner Club Unit 86,Bourne,"Penicillin V Potassium 250 MG Oral Tablet, Naproxen sodium 220 MG Oral Tablet, NuvaRing 0.12/0.015 MG per 24HR 21 Day Vaginal Ring, lisinopril 10 MG Oral Tablet, 12 HR Hydrocodone Bitartrate 10 MG Extended Release Oral Capsule, amLODIPine 2.5 MG Oral Tablet, Ibuprofen 100 MG Oral Tablet, Acetaminophen 325 MG Oral Tablet, Camila 28 Day Pack, Levora 0.15/30 28 Day Pack, Seasonique 91 Day Pack, Acetaminophen 300 MG / Hydrocodone Bitartrate 5 MG Oral Tablet, tramadol hydrochloride 50 MG Oral Tablet","Hypertension, Streptococcal sore throat (disorder), Acute bronchitis (disorder)",
294,a0d22ce4-8c1f-1168-5a83-aff4f79f4a1f,37,999-93-9172,Merlin,Hane,married,white,M,1079 Wiegand Alley Suite 26,Cambridge,"Hydrochlorothiazide 25 MG Oral Tablet, Acetaminophen 300 MG / Hydrocodone Bitartrate 5 MG Oral Tablet, lisinopril 10 MG Oral Tablet",Hypertension,
295,7e2e283e-fef9-4061-4fa7-cf68be4a6dbf,9,999-28-8368,Latesha,Breitenberg,unknown,asian,F,963 Langosh Station,Medford,"Acetaminophen 160 MG Chewable Tablet, Amoxicillin 500 MG Oral Tablet",,
296,25d06c17-e5a4-02b2-a18f-67886970cefa,57,999-66-7856,Illa,Kuphal,married,black,F,497 Miller Divide Unit 37,Boston,"Jolivette 28 Day Pack, NuvaRing 0.12/0.015 MG per 24HR 21 Day Vaginal Ring, amLODIPine 2.5 MG Oral Tablet, Trinessa 28 Day Pack, Amoxicillin 250 MG / Clavulanate 125 MG Oral Tablet, Acetaminophen 325 MG Oral Tablet, Mirena 52 MG Intrauterine System","Acute bronchitis (disorder), Viral sinusitis (disorder), Hypertension",
297,065e8a3d-b782-c088-2a17-6498d7d190bc,29,999-98-7243,Ezequiel,Gulgowski,unknown,white,M,110 Torphy Key,Braintree,"Acetaminophen 325 MG Oral Tablet, Ibuprofen 200 MG Oral Tablet, lisinopril 10 MG Oral Tablet","Acute bronchitis (disorder), Hypertension",
298,b75fc5f1-10f0-5103-82f3-e7957a48132a,64,999-79-2194,Lora,Kilback,single,white,F,468 Bins Track Suite 3,Raynham,"Naproxen sodium 220 MG Oral Tablet, Ibuprofen 200 MG Oral Tablet, Chlorpheniramine Maleate 2 MG/ML Oral Solution, Meperidine Hydrochloride 50 MG Oral Tablet, Hydrochlorothiazide 25 MG Oral Tablet, Acetaminophen 325 MG Oral Tablet, lisinopril 10 MG Oral Tablet","Acute bronchitis (disorder), Osteoarthritis of knee, Hypertension",Animal dander 
299,a4ce9a28-c676-33d4-1656-0cb7e4419883,17,999-31-6930,Arnette,Schamberger,unknown,white,F,183 Auer Trailer Unit 2,Northwest Harwich,"Ibuprofen 100 MG Oral Tablet, Acetaminophen 160 MG Chewable Tablet, Acetaminophen 21.7 MG/ML / Dextromethorphan Hydrobromide 1 MG/ML / doxylamine succinate 0.417 MG/ML Oral Solution, Penicillin V Potassium 250 MG Oral Tablet","Streptococcal sore throat (disorder), Acute bronchitis (disorder)",
300,df9b9e5b-c894-1879-c153-3e9df381f15b,45,999-60-8749,Karma,Klocko,married,white,F,615 Frami Crossroad,Clinton,"10 ML oxaliplatin 5 MG/ML Injection, Penicillin V Potassium 500 MG Oral Tablet, Errin 28 Day Pack, Leucovorin 100 MG Injection, Levora 0.15/30 28 Day Pack, Phenazopyridine hydrochloride 100 MG Oral Tablet, Etonogestrel 68 MG Drug Implant, 168 HR Ethinyl Estradiol 0.00146 MG/HR / norelgestromin 0.00625 MG/HR Transdermal System, Nitrofurantoin 5 MG/ML Oral Suspension","Escherichia coli urinary tract infection, Streptococcal sore throat (disorder), Secondary malignant neoplasm of colon",
301,140c88b4-afb8-dca3-92e5-3e688aa19800,7,999-74-8211,Terri,Grimes,unknown,white,F,1004 Reichert Vale Apt 38,Uxbridge,"Acetaminophen 160 MG Chewable Tablet, Amoxicillin 500 MG Oral Tablet",,
302,17eddffe-9412-688c-7944-65251314b1c0,48,999-11-9036,Orval,Schaefer,married,white,M,759 Stanton Union,Burlington,"72 HR Fentanyl 0.025 MG/HR Transdermal System, Acetaminophen 300 MG / Hydrocodone Bitartrate 5 MG Oral Tablet",,
303,2783a318-7e6d-e3a7-fce7-2a70e66c6ba9,20,999-74-1908,Yevette,Tillman,unknown,white,F,1046 Farrell Corner Unit 88,Swansea,"Penicillin V Potassium 250 MG Oral Tablet, Naproxen sodium 220 MG Oral Tablet, Acetaminophen 325 MG Oral Tablet","Streptococcal sore throat (disorder), Acute bronchitis (disorder)",
304,153c68e6-08e5-a751-1f6b-4439d279681d,74,999-95-8491,Brain,Wuckert,married,white,M,826 DuBuque Corner,Dennis,"Naproxen sodium 220 MG Oral Tablet, Simvastatin 20 MG Oral Tablet, Chlorpheniramine Maleate 2 MG/ML Oral Solution, Amlodipine 5 MG Oral Tablet, Amoxicillin 250 MG / Clavulanate 125 MG Oral Tablet, Nitroglycerin 0.4 MG/ACTUAT Mucosal Spray, NDA020503 200 ACTUAT Albuterol 0.09 MG/ACTUAT Metered Dose Inhaler, 120 ACTUAT Fluticasone propionate 0.044 MG/ACTUAT Metered Dose Inhaler, Simvastatin 10 MG Oral Tablet, Clopidogrel 75 MG Oral Tablet","Localized  primary osteoarthritis of the hand, Viral sinusitis (disorder), Childhood asthma, Hyperlipidemia","Mold , Grass pollen , Sulfamethoxazole / Trimethoprim, Cow's milk , Animal dander , Bee venom , Tree pollen "
305,918e387f-cb9a-ec9f-ab54-65467a4df548,31,999-24-9850,Frederick,Conroy,unknown,white,M,750 Feeney Terrace Apt 93,Boston,"doxycycline hyclate 100 MG, Azithromycin 250mg, Ibuprofen 200 MG Oral Tablet, NDA020800 0.3 ML Epinephrine 1 MG/ML Auto-Injector, Acetaminophen 325 MG Oral Tablet, Acetaminophen 21.7 MG/ML / Dextromethorphan Hydrobromide 1 MG/ML / doxylamine succinate 0.417 MG/ML Oral Solution, Loratadine 5 MG Chewable Tablet","Sinusitis (disorder), Acute bronchitis (disorder)","Lisinopril, Penicillin V"
306,1fe3dce8-51b2-98ed-751e-dd8f64a48fb7,50,999-67-4107,Martin,Raynor,married,white,M,515 Cormier Village,Melrose,"Naproxen sodium 220 MG Oral Tablet, Acetaminophen 21.7 MG/ML / Dextromethorphan Hydrobromide 1 MG/ML / doxylamine succinate 0.417 MG/ML Oral Solution",Acute bronchitis (disorder),
307,79823958-40ce-9882-a2da-9ff37be49b19,56,999-73-7072,Dorathy,Wunsch,married,black,F,686 Kshlerin Parade,Westfield,"Hydrochlorothiazide 25 MG Oral Tablet, Acetaminophen 325 MG Oral Tablet, amLODIPine 2.5 MG Oral Tablet","Acute bronchitis (disorder), Hypertension",
308,177971b9-2284-1459-06de-165414d9de11,36,999-31-4903,Russell,Robel,married,white,F,548 Farrell Path Suite 6,North Adams,"Hydrochlorothiazide 25 MG Oral Tablet, Camila 28 Day Pack, Vitamin B 12 5 MG/ML Injectable Solution, 168 HR Ethinyl Estradiol 0.00146 MG/HR / norelgestromin 0.00625 MG/HR Transdermal System, lisinopril 10 MG Oral Tablet",Hypertension,
309,57e403fc-885a-3b44-804e-a034ca08413c,56,999-87-1892,Marc,Rutherford,single,asian,M,434 Langworth Ville Suite 56,Boston,Acetaminophen 21.7 MG/ML / Dextromethorphan Hydrobromide 1 MG/ML / doxylamine succinate 0.417 MG/ML Oral Solution,Acute bronchitis (disorder),
310,146f9020-c423-72ce-7c96-12e60f3f5910,17,999-25-6534,Darin,Williamson,unknown,white,M,496 Blanda Forge Unit 90,Taunton,"NDA020800 0.3 ML Epinephrine 1 MG/ML Auto-Injector, Amoxicillin 250 MG / Clavulanate 125 MG Oral Tablet, NDA020503 200 ACTUAT Albuterol 0.09 MG/ACTUAT Metered Dose Inhaler, Acetaminophen 325 MG Oral Tablet, Fexofenadine hydrochloride 30 MG Oral Tablet, 120 ACTUAT Fluticasone propionate 0.044 MG/ACTUAT Metered Dose Inhaler, predniSONE 5 MG Oral Tablet","Viral sinusitis (disorder), Childhood asthma, Acute bronchitis (disorder), Sinusitis (disorder)","Mold , Wheat , Grass pollen , Soya bean , Latex , Animal dander , Tree pollen "
311,767e1d64-d100-a9ec-fe05-073c6857ffa8,61,999-11-9695,Kylee,Rempel,single,black,F,609 Champlin Terrace,Revere,"Naproxen sodium 220 MG Oral Tablet, Simvastatin 20 MG Oral Tablet, Amoxicillin 250 MG Oral Capsule, Amlodipine 5 MG Oral Tablet, Nitroglycerin 0.4 MG/ACTUAT Mucosal Spray, Errin 28 Day Pack, Acetaminophen 325 MG Oral Tablet, Clopidogrel 75 MG Oral Tablet, 168 HR Ethinyl Estradiol 0.00146 MG/HR / norelgestromin 0.00625 MG/HR Transdermal System","Acute bronchitis (disorder), Osteoarthritis of knee",
312,355a3cad-a055-c14b-117e-47accfc708ca,35,999-62-5328,Carole,Konopelski,married,white,F,616 Kulas Stravenue,Cambridge,"Jolivette 28 Day Pack, 1 ML medroxyprogesterone acetate 150 MG/ML Injection, Errin 28 Day Pack",,
313,e841df97-29d6-fe22-3ebc-a837d092b339,55,999-92-2026,Zandra,Kerluke,married,white,F,904 Marks Camp Suite 72,Lowell,"Acetaminophen 325 MG Oral Tablet, Camila 28 Day Pack, Mirena 52 MG Intrauterine System, Errin 28 Day Pack",Acute bronchitis (disorder),
314,7683e3a1-996d-1f2a-8bca-a463ad969cc1,68,999-95-4370,Luanna,Schuppe,married,white,F,521 Conroy Crossing,Carver,"Acetaminophen 325 MG Oral Tablet, Acetaminophen 325 MG Oral Tablet [Tylenol]",Acute bronchitis (disorder),
315,7442e18c-ac59-805d-6140-6db8778408b5,19,999-36-1547,Kristeen,Paucek,unknown,other,F,797 Nikolaus Lane Suite 38,Lowell,"Penicillin V Potassium 250 MG Oral Tablet, Jolivette 28 Day Pack, Ibuprofen 100 MG Oral Tablet, Acetaminophen 325 MG Oral Tablet, Acetaminophen 160 MG Chewable Tablet",Streptococcal sore throat (disorder),
316,e65573ba-e39e-bac4-2e49-2d3cf9a538b8,60,999-74-2017,Elza,Johnson,single,white,F,665 Mayert Common Apt 54,Braintree,"Seasonique 91 Day Pack, Naproxen sodium 220 MG Oral Tablet, Acetaminophen 325 MG Oral Tablet",Acute bronchitis (disorder),
317,1a9659fb-0cbb-50af-d820-04a12c1b2604,17,999-90-4292,Sylvia,Collins,unknown,white,F,482 Collier Spur Apt 44,Lowell,"Acetaminophen 160 MG Chewable Tablet, Acetaminophen 21.7 MG/ML / Dextromethorphan Hydrobromide 1 MG/ML / doxylamine succinate 0.417 MG/ML Oral Solution",Acute bronchitis (disorder),
318,58a3b04c-07b8-fd55-b008-316dbd1fe190,41,999-99-7021,Carman,Wyman,married,white,F,689 Ondricka Underpass,Bedford,"Natazia 28 Day Pack, Naproxen sodium 220 MG Oral Tablet, Acetaminophen 21.7 MG/ML / Dextromethorphan Hydrobromide 1 MG/ML / doxylamine succinate 0.417 MG/ML Oral Solution, Liletta 52 MG Intrauterine System, Yaz 28 Day Pack, Levora 0.15/30 28 Day Pack, Seasonique 91 Day Pack, Mirena 52 MG Intrauterine System",Acute bronchitis (disorder),
319,fcf025a4-3827-2f50-d719-c8981cdffda9,62,999-79-6586,Tracy,Kirlin,single,white,M,1040 Emmerich Heights,Northbridge,Ibuprofen 200 MG Oral Tablet,,
320,03b291e7-6d3f-d687-eac7-cb46455f34e3,87,999-36-6068,Rudolf,Reilly,married,white,M,576 Dare Corner Apt 25,Westwood,Amoxicillin 250 MG / Clavulanate 125 MG Oral Tablet,Viral sinusitis (disorder),
321,1f06f787-61cd-dd2d-a6b2-347507100f10,51,999-39-9348,Noel,Quigley,single,white,M,706 Baumbach Terrace,Mansfield Center,"Acetaminophen 325 MG Oral Tablet, Amoxicillin 250 MG / Clavulanate 125 MG Oral Tablet",Viral sinusitis (disorder),
322,22b01ffb-7537-e873-3a7c-0d6961c498d7,7,999-61-6244,Elton,Homenick,unknown,black,M,859 King Road,Middleborough,Acetaminophen 325 MG Oral Tablet,Acute bronchitis (disorder),
323,80591a09-43a2-3933-605e-d14dd364f2c5,29,999-54-7963,Ciara,Effertz,unknown,white,F,522 Altenwerth Divide,Boston,"Naproxen sodium 220 MG Oral Tablet, Natazia 28 Day Pack, Hydrocortisone 10 MG/ML Topical Cream, NDA020800 0.3 ML Epinephrine 1 MG/ML Auto-Injector, 1 ML medroxyPROGESTERone acetate 150 MG/ML Injection, Errin 28 Day Pack, Fexofenadine hydrochloride 60 MG Oral Tablet",Contact dermatitis,House dust mite 
324,f53de9cd-1222-a913-829a-08a06e9b1581,21,999-72-4879,Tyler,Bergnaum,unknown,white,M,740 Goodwin Corner Apt 26,Wellesley,Penicillin V Potassium 250 MG Oral Tablet,Streptococcal sore throat (disorder),
325,811c2d6c-eef7-0134-6f19-d4aea9606922,46,999-18-7464,Floyd,Kunze,married,white,M,635 Borer Lane Unit 4,Dover,"amLODIPine 2.5 MG Oral Tablet, Hydrochlorothiazide 25 MG Oral Tablet, Acetaminophen 325 MG Oral Tablet, Acetaminophen 300 MG / Hydrocodone Bitartrate 5 MG Oral Tablet, Ibuprofen 400 MG Oral Tablet [Ibu]","Acute bronchitis (disorder), Hypertension",
326,75bae569-fca6-6a70-00fe-2910d51ddd65,38,999-61-5889,Jewell,Schmidt,married,white,M,583 Leuschke Ville Unit 51,Somerville,"Abuse-Deterrent 12 HR Oxycodone Hydrochloride 10 MG Extended Release Oral Tablet [Oxycontin], Amoxicillin 250 MG / Clavulanate 125 MG Oral Tablet, Acetaminophen 325 MG / Oxycodone Hydrochloride 10 MG Oral Tablet [Percocet], Acetaminophen 300 MG / Hydrocodone Bitartrate 5 MG Oral Tablet, 12 HR Hydrocodone Bitartrate 10 MG Extended Release Oral Capsule",Viral sinusitis (disorder),
327,34f26c54-34b6-ad2b-db7c-5ff818b0456c,35,999-58-7405,Darrel,OReilly,married,white,M,122 Satterfield Neck Suite 20,Brookline,"Acetaminophen 325 MG Oral Tablet, Acetaminophen 21.7 MG/ML / Dextromethorphan Hydrobromide 1 MG/ML / doxylamine succinate 0.417 MG/ML Oral Solution",Acute bronchitis (disorder),
328,7014a3c8-c168-7809-d981-f7f4cc181442,59,999-29-2584,Noriko,Mayert,married,white,F,1002 Grimes Key Suite 18,Wenham,"Chlorpheniramine Maleate 2 MG/ML Oral Solution, ferrous sulfate 325 MG Oral Tablet, Acetaminophen 300 MG / Hydrocodone Bitartrate 5 MG Oral Tablet",,Mold 
329,b67cb13c-7ae0-70a5-c1f8-9bf1af3e2ec2,57,999-98-9977,Myrna,Schroeder,married,white,F,838 Wuckert Landing,Huntington,"Warfarin Sodium 5 MG Oral Tablet, Verapamil Hydrochloride 40 MG, 168 HR Ethinyl Estradiol 0.00146 MG/HR / norelgestromin 0.00625 MG/HR Transdermal System, Amoxicillin 250 MG / Clavulanate 125 MG Oral Tablet, Digoxin 0.125 MG Oral Tablet, Levora 0.15/30 28 Day Pack, Seasonique 91 Day Pack, Mirena 52 MG Intrauterine System",Viral sinusitis (disorder),
330,5e4a0309-e8c1-c58c-bb7f-208dbe06cb13,83,999-45-6464,Leland,Runolfsdottir,married,white,M,531 Lowe Lodge Suite 70,Northbridge,Naproxen sodium 220 MG Oral Tablet,,
331,4c7bbf23-68f4-86e8-c61e-1a1b1e81c4ea,75,999-43-6810,Ike,Harvey,married,white,M,685 Grady Forge Suite 55,Braintree,"Simvastatin 20 MG Oral Tablet, amLODIPine 2.5 MG Oral Tablet, Amlodipine 5 MG Oral Tablet, Nitroglycerin 0.4 MG/ACTUAT Mucosal Spray, Hydrochlorothiazide 25 MG Oral Tablet, Clopidogrel 75 MG Oral Tablet, lisinopril 10 MG Oral Tablet",Hypertension,
332,ce6fbb19-19f4-b597-7df8-8bb192f78da8,69,999-58-3173,Hulda,Reichel,married,white,F,497 Gusikowski Extension,Southbridge,"Chlorpheniramine Maleate 2 MG/ML Oral Solution, Alendronic acid 10 MG Oral Tablet, Acetaminophen 325 MG Oral Tablet",Acute bronchitis (disorder),"Mold , Grass pollen , Shellfish , House dust mite , Animal dander , Tree pollen "
333,3a364909-94ec-e0c4-0156-8a2e15fa354e,64,999-32-6662,German,Trantow,married,other,M,1078 Dibbert Rue,Leominster,"Amoxicillin 250 MG / Clavulanate 125 MG Oral Tablet, Hydrochlorothiazide 25 MG Oral Tablet, Acetaminophen 325 MG Oral Tablet, Simvastatin 10 MG Oral Tablet, lisinopril 10 MG Oral Tablet","Acute bronchitis (disorder), Viral sinusitis (disorder), Hypertension, Hyperlipidemia",
334,475803f3-ae29-ba8d-bdd1-25145a94eaee,48,999-46-6435,Cleveland,Dach,married,white,M,794 Nienow Quay Unit 96,Stoughton,24 HR Metformin hydrochloride 500 MG Extended Release Oral Tablet,Diabetes,
335,6f35c499-7420-2122-d3b4-ea13cc57669d,53,999-77-1469,Henriette,Flatley,married,hawaiian,F,449 Johnson Frontage road,Whitinsville,"Jolivette 28 Day Pack, 1 ML medroxyPROGESTERone acetate 150 MG/ML Injection, Liletta 52 MG Intrauterine System, Yaz 28 Day Pack, Levora 0.15/30 28 Day Pack, Etonogestrel 68 MG Drug Implant, Mirena 52 MG Intrauterine System",,
336,96a91c58-1099-af08-0aee-3d924cd5c7e8,42,999-83-1282,Kristi,Anderson,married,black,F,223 Rohan Bypass Suite 95,Holyoke,"Naproxen sodium 220 MG Oral Tablet, Etonogestrel 68 MG Drug Implant, Chlorpheniramine Maleate 2 MG/ML Oral Solution, Amoxicillin 250 MG / Clavulanate 125 MG Oral Tablet, Trinessa 28 Day Pack, Amoxicillin 250 MG Oral Capsule, NDA020503 200 ACTUAT Albuterol 0.09 MG/ACTUAT Metered Dose Inhaler, Acetaminophen 325 MG Oral Tablet, Yaz 28 Day Pack, Seasonique 91 Day Pack, 120 ACTUAT Fluticasone propionate 0.044 MG/ACTUAT Metered Dose Inhaler, Kyleena 19.5 MG Intrauterine System, Mirena 52 MG Intrauterine System","Viral sinusitis (disorder), Childhood asthma","Mold , Peanut , Grass pollen , House dust mite , Animal dander , Bee venom "
337,0e78dfee-9af0-046c-39bb-33fdcb910976,62,999-28-6683,Carol,Lesch,married,white,M,589 Hoeger Dale Unit 40,Bourne,"Naproxen sodium 220 MG Oral Tablet, Simvastatin 20 MG Oral Tablet, Cisplatin 50 MG Injection, Galantamine 4 MG Oral Tablet, Amlodipine 5 MG Oral Tablet, Nitroglycerin 0.4 MG/ACTUAT Mucosal Spray, PACLitaxel 100 MG Injection, Clopidogrel 75 MG Oral Tablet, Acetaminophen 325 MG / Oxycodone Hydrochloride 10 MG Oral Tablet [Percocet], doxycycline hyclate 100 MG, Acetaminophen 300 MG / Hydrocodone Bitartrate 5 MG Oral Tablet, lisinopril 10 MG Oral Tablet","Viral sinusitis (disorder), Non-small cell carcinoma of lung  TNM stage 1 (disorder), Familial Alzheimer's disease of early onset (disorder), Hypertension","Penicillin V, Tree pollen , Eggs  "
338,1e6c1763-afae-06b8-e9ec-6a3cfee72c45,13,999-22-9855,Anderson,Haag,unknown,white,M,166 Jerde Pathway Suite 28,Norton,Acetaminophen 325 MG Oral Tablet,Acute bronchitis (disorder),
339,5ec53533-38d5-fd93-159b-7389ffd95940,99,999-53-5811,Jewel,McClure,married,white,M,745 Breitenberg Tunnel,Wakefield,"24hr nicotine transdermal patch, Acetaminophen 325 MG / oxyCODONE Hydrochloride 5 MG Oral Tablet, Ibuprofen 200 MG Oral Tablet, 0.25 ML Leuprolide Acetate 30 MG/ML Prefilled Syringe, 1 ML DOCEtaxel 20 MG/ML Injection",,
340,4b0917d5-d8b8-ca5a-9bce-658885b34afe,25,999-35-5393,Manual,Morissette,unknown,white,M,665 Schulist Dam,Sandwich,Acetaminophen 325 MG Oral Tablet,Acute bronchitis (disorder),
341,03bb882e-730f-0d96-cd3d-3caee932fef6,69,999-34-4514,Regenia,Gibson,married,white,F,906 Mertz Divide Unit 26,Salisbury,"piperacillin 2000 MG / tazobactam 250 MG Injection, Ibuprofen 200 MG Oral Tablet, Amoxicillin 250 MG Oral Capsule, Amoxicillin 250 MG / Clavulanate 125 MG Oral Tablet, Meperidine Hydrochloride 50 MG Oral Tablet, 150 ML vancomycin 5 MG/ML Injection, Acetaminophen 325 MG Oral Tablet","Viral sinusitis (disorder), Acute bronchitis (disorder), Sepsis (disorder)",
342,9cbf47d8-b59a-ef34-c330-77accc084c17,91,999-22-6740,Santina,Kub,single,white,F,583 Smitham Passage Apt 99,Brockton,"Memantine hydrochloride 2 MG/ML Oral Solution, Naproxen sodium 220 MG Oral Tablet, Simvastatin 20 MG Oral Tablet, amLODIPine 2.5 MG Oral Tablet, Amoxicillin 250 MG Oral Capsule, Amlodipine 5 MG Oral Tablet, Nitroglycerin 0.4 MG/ACTUAT Mucosal Spray, Hydrochlorothiazide 25 MG Oral Tablet, Clopidogrel 75 MG Oral Tablet, Galantamine 4 MG Oral Tablet, lisinopril 10 MG Oral Tablet","Alzheimer's disease (disorder), Hypertension",
343,03a870d0-f88c-5cf7-538d-491923a3b57b,69,999-73-5086,Clare,Miller,married,black,F,589 Jacobs Flat,Raynham Center,diphenhydrAMINE Hydrochloride 25 MG Oral Tablet,,
344,f2308839-f572-e86e-8f29-cb0fd61e0f57,12,999-45-1259,Ozella,Ortiz,unknown,white,F,726 Hills Passage,Sharon,"Acetaminophen 325 MG Oral Tablet, Acetaminophen 160 MG Chewable Tablet",Acute bronchitis (disorder),
345,3ec37e85-5d7f-2ace-82cf-352d99ccdb8a,61,999-47-4001,Rodney,Kohler,single,asian,M,395 Pollich Throughway Suite 87,Cambridge,Naproxen sodium 220 MG Oral Tablet,,
346,6d715e84-4c7a-e4a9-e8ce-6065e2607107,27,999-13-1931,Shonta,Dickinson,unknown,hawaiian,F,520 Heidenreich Path Apt 84,Newton,"Jolivette 28 Day Pack, Ibuprofen 200 MG Oral Tablet, Trinessa 28 Day Pack, 1 ML medroxyprogesterone acetate 150 MG/ML Injection, Levora 0.15/30 28 Day Pack",,
347,56cfe6a5-4835-d925-fd7a-84faf11306f0,56,999-16-7101,Matthew,OConnell,married,white,M,777 Bergstrom Haven,Norton,"Hydrochlorothiazide 25 MG Oral Tablet, Acetaminophen 21.7 MG/ML / Dextromethorphan Hydrobromide 1 MG/ML / doxylamine succinate 0.417 MG/ML Oral Solution, 24 HR Metformin hydrochloride 500 MG Extended Release Oral Tablet, amLODIPine 2.5 MG Oral Tablet","Acute bronchitis (disorder), Diabetes, Hypertension",
348,c2786fee-2b45-56cd-f36c-96ad2ce9ab01,74,999-74-2353,Bernard,Walsh,married,white,M,313 Zboncak Mission,Everett,"piperacillin 2000 MG / tazobactam 250 MG Injection, Hydrocortisone 10 MG/ML Topical Cream, diphenhydrAMINE Hydrochloride 25 MG Oral Tablet, 150 ML vancomycin 5 MG/ML Injection, Hydrochlorothiazide 25 MG Oral Tablet, Acetaminophen 325 MG Oral Tablet, Phenazopyridine hydrochloride 100 MG Oral Tablet, Simvastatin 10 MG Oral Tablet, Nitrofurantoin 5 MG/ML Oral Suspension, lisinopril 10 MG Oral Tablet","Sepsis (disorder), Hyperlipidemia, Escherichia coli urinary tract infection, Contact dermatitis, Hypertension, Acute bronchitis (disorder)",
349,9a89902c-ba23-e035-51fc-1dd6285e6309,49,999-91-1078,Trisha,Murray,married,white,F,751 Altenwerth Ferry Suite 32,Weymouth,"Acetaminophen 325 MG Oral Tablet, Astemizole 10 MG Oral Tablet",Acute bronchitis (disorder),Soya bean 
350,3a240793-dc26-8138-00da-bdff02591677,75,999-97-6651,Voncile,Schultz,married,white,F,1047 Heathcote Quay,Malden,"Penicillin V Potassium 500 MG Oral Tablet, Amoxicillin 250 MG / Clavulanate 125 MG Oral Tablet","Acute bacterial sinusitis (disorder), Streptococcal sore throat (disorder), Viral sinusitis (disorder)",
351,d29560ea-5e1b-99a1-1beb-e8dd19b67468,64,999-65-2973,Sherwood,Glover,married,white,M,1089 Ruecker Track Unit 24,Dedham,"Hydrochlorothiazide 25 MG Oral Tablet, Ibuprofen 200 MG Oral Tablet, lisinopril 10 MG Oral Tablet",Hypertension,
352,c8448d6d-50cc-98e8-ceb0-7f7babf8c8c3,56,999-81-4027,Luciano,Bode,married,white,M,940 Murphy Tunnel Unit 39,Fairhaven,"Amoxicillin 250 MG / Clavulanate 125 MG Oral Tablet, Meperidine Hydrochloride 50 MG Oral Tablet, Acetaminophen 325 MG Oral Tablet, Cefuroxime 250 MG Oral Tablet, lisinopril 10 MG Oral Tablet","Acute bronchitis (disorder), Viral sinusitis (disorder), Hypertension",
353,8daa23b6-137c-abd3-58c8-da0f70b98143,11,999-82-4846,Elenora,Buckridge,unknown,white,F,716 Medhurst Walk Unit 96,Plymouth,"Ibuprofen 100 MG Oral Tablet, Acetaminophen 160 MG Chewable Tablet, Amoxicillin 500 MG Oral Tablet",,
354,1293efbb-72dc-8b15-3bd6-916f96ed54f4,66,999-73-1445,Chauncey,Jones,married,white,M,786 Sipes Gate,Franklin,"piperacillin 2000 MG / tazobactam 250 MG Injection, amLODIPine 2.5 MG Oral Tablet, 150 ML vancomycin 5 MG/ML Injection, 24 HR Metformin hydrochloride 500 MG Extended Release Oral Tablet, lisinopril 10 MG Oral Tablet","Sepsis (disorder), Diabetes, Hypertension",
355,b84e121c-8ce7-a6e9-9c45-f6867bcb757d,38,999-98-9736,Darrell,Pollich,married,white,M,968 Kling Avenue Apt 51,Cambridge,"Ibuprofen 200 MG Oral Tablet, NDA020800 0.3 ML Epinephrine 1 MG/ML Auto-Injector, Chlorpheniramine Maleate 2 MG/ML Oral Solution, NDA020503 200 ACTUAT Albuterol 0.09 MG/ACTUAT Metered Dose Inhaler, 120 ACTUAT Fluticasone propionate 0.044 MG/ACTUAT Metered Dose Inhaler",Asthma,"Mold , Wheat , Grass pollen , Aspirin, House dust mite , Animal dander , Tree pollen "
356,1376b3c5-6250-0dcb-0a6d-d9c595a1e167,38,999-98-7891,Keneth,Kozey,married,white,M,811 Ferry Route Unit 47,Westfield,Acetaminophen 325 MG Oral Tablet,Acute bronchitis (disorder),
357,be11f8fe-52e4-7748-8835-1f2435aeb7db,6,999-28-9940,Reynaldo,Koch,unknown,white,M,1000 Kovacek Heights Apt 27,Lynn,"Acetaminophen 160 MG Chewable Tablet, Amoxicillin 500 MG Oral Tablet",,
358,eb2f8ba1-fd23-fdbb-dbe3-484a3d58244e,112,999-98-7216,Claude,Nikolaus,married,white,F,971 Schoen Green,Chesterfield,"Naproxen sodium 220 MG Oral Tablet, Simvastatin 20 MG Oral Tablet, Meperidine Hydrochloride 50 MG Oral Tablet, Amlodipine 5 MG Oral Tablet, Nitroglycerin 0.4 MG/ACTUAT Mucosal Spray, Acetaminophen 325 MG Oral Tablet, Clopidogrel 75 MG Oral Tablet, Simvastatin 10 MG Oral Tablet",Hyperlipidemia,
359,b8c195d4-0396-fb84-3aa2-57dd23ff5a23,48,999-40-9663,Alexander,Kovacek,single,black,M,722 Bailey Harbor,Franklin,"Hydrochlorothiazide 25 MG Oral Tablet, Amoxicillin 250 MG / Clavulanate 125 MG Oral Tablet, Ibuprofen 200 MG Oral Tablet, Penicillin V Potassium 500 MG Oral Tablet","Viral sinusitis (disorder), Streptococcal sore throat (disorder), Hypertension",
360,55c5b8d3-99d0-58ad-8444-e42bb81bd5c7,84,999-66-7084,Jospeh,Gerhold,single,white,M,161 Eichmann Grove Suite 84,Fall River,"Warfarin Sodium 5 MG Oral Tablet, Verapamil Hydrochloride 40 MG, Digoxin 0.125 MG Oral Tablet, Acetaminophen 325 MG Oral Tablet, insulin human  isophane 70 UNT/ML / Regular Insulin  Human 30 UNT/ML Injectable Suspension [Humulin], Galantamine 4 MG Oral Tablet, lisinopril 10 MG Oral Tablet","Acute bronchitis (disorder), Diabetes, Alzheimer's disease (disorder), Hypertension",
361,7a929240-2387-1d5c-664b-d643ee18bb39,32,999-12-3972,Felicitas,Kovacek,married,white,F,953 Christiansen Avenue Unit 32,Gloucester,"Natazia 28 Day Pack, Trinessa 28 Day Pack, Errin 28 Day Pack, Vitamin B 12 5 MG/ML Injectable Solution, 1 ML medroxyprogesterone acetate 150 MG/ML Injection, Seasonique 91 Day Pack",,
362,dfb2da7f-ed8b-1d6e-504e-db4ace36cee5,42,999-71-3984,Tyson,Bailey,married,white,M,627 Hermann Hollow,Wayland,"Ibuprofen 200 MG Oral Tablet, amLODIPine 2.5 MG Oral Tablet",Hypertension,
363,01f8bbfd-cfc6-3b97-8bc1-8da6f0b4a9a8,15,999-70-7412,Eustolia,Barton,unknown,white,F,359 Schmitt Track Unit 80,Somerville,"Hydrocortisone 10 MG/ML Topical Cream, cetirizine hydrochloride 5 MG Oral Tablet, Clindamycin 300mg, NDA020800 0.3 ML Epinephrine 1 MG/ML Auto-Injector, Acetaminophen 160 MG Chewable Tablet, Cefuroxime 250 MG Oral Tablet",Atopic dermatitis,"Mold , Grass pollen , Penicillin V, Latex , House dust mite , Animal dander , Tree pollen "
364,92895f1d-3f61-fc09-a300-e3e533a25592,51,999-23-5390,Bea,Rice,married,white,F,650 Gutmann Club Suite 12,Bridgewater,"NuvaRing 0.12/0.015 MG per 24HR 21 Day Vaginal Ring, 1 ML medroxyPROGESTERone acetate 150 MG/ML Injection, amLODIPine 2.5 MG Oral Tablet, Errin 28 Day Pack, Hydrochlorothiazide 25 MG Oral Tablet, Camila 28 Day Pack, Ibuprofen 400 MG Oral Tablet [Ibu], lisinopril 10 MG Oral Tablet",Hypertension,
365,418c6a4c-1615-cba9-80b3-ac2901f4c07f,75,999-82-2148,Laurine,Cronin,single,white,F,957 Fay Gateway,Foxborough,"Simvastatin 10 MG Oral Tablet, Penicillin V Potassium 500 MG Oral Tablet, ferrous sulfate 325 MG Oral Tablet, buprenorphine 2 MG / naloxone 0.5 MG Sublingual Tablet","Opioid abuse (disorder), Streptococcal sore throat (disorder), Hyperlipidemia",
366,792a51c0-a2a4-ee26-c23c-7cb24f8a0e35,57,999-85-9578,Pasquale,Kuhn,married,white,M,225 Blanda Road,Dracut,"Simvastatin 20 MG Oral Tablet, ferrous sulfate 325 MG Oral Tablet, Amlodipine 5 MG Oral Tablet, Nitroglycerin 0.4 MG/ACTUAT Mucosal Spray, Clopidogrel 75 MG Oral Tablet",,
367,92f5789e-9175-3815-b189-654c2671d19b,12,999-11-3736,Ping,Abbott,unknown,white,F,400 Orn Landing,Braintree,"Penicillin V Potassium 250 MG Oral Tablet, Acetaminophen 160 MG Chewable Tablet",Streptococcal sore throat (disorder),
368,cf49b901-a4fe-9b9d-fd42-45b1fdcdd55e,37,999-86-1475,Lila,Weber,married,white,F,1052 Marvin Orchard Suite 29,Hopedale,"NuvaRing 0.12/0.015 MG per 24HR 21 Day Vaginal Ring, Acetaminophen 325 MG Oral Tablet, Camila 28 Day Pack, 1 ML medroxyprogesterone acetate 150 MG/ML Injection, Mirena 52 MG Intrauterine System",Acute bronchitis (disorder),
369,c518abbe-9695-1b3a-3173-305ff9bb6150,60,999-73-4200,Lesa,Price,single,white,F,633 Sawayn Rue,Winchendon,"amLODIPine 2.5 MG Oral Tablet, Hydrochlorothiazide 25 MG Oral Tablet, Acetaminophen 325 MG Oral Tablet, Phenazopyridine hydrochloride 100 MG Oral Tablet, Nitrofurantoin 5 MG/ML Oral Suspension, lisinopril 10 MG Oral Tablet","Escherichia coli urinary tract infection, Hypertension",
370,a24ffe4b-09c7-3855-e3b3-0b2983c73077,35,999-36-4153,Ivory,Mueller,married,asian,F,386 Fay Vale Suite 2,Brookline,"Acetaminophen 325 MG Oral Tablet, Trinessa 28 Day Pack, 168 HR Ethinyl Estradiol 0.00146 MG/HR / norelgestromin 0.00625 MG/HR Transdermal System, Etonogestrel 68 MG Drug Implant",,
371,d31bde96-deb4-7a7b-7a10-8a06cd0c3472,27,999-98-7968,Reyes,Witting,unknown,asian,M,846 Reichel Fork,Hudson,"Hydrochlorothiazide 25 MG Oral Tablet, lisinopril 10 MG Oral Tablet",Hypertension,
372,70c444f6-2f20-e9c3-0c1c-13fab72f9a4a,68,999-74-5226,Marilu,Upton,single,white,F,577 Stracke Divide,West Springfield,Acetaminophen 325 MG Oral Tablet,Acute bronchitis (disorder),"Shellfish , Grass pollen , cefdinir"
373,219ddc63-11fe-e940-aa69-0e1bdd131e08,31,999-13-3696,Allyson,Gibson,married,white,F,621 Aufderhar Crossing Unit 97,Attleboro,"Natazia 28 Day Pack, Naproxen sodium 220 MG Oral Tablet, NDA020800 0.3 ML Epinephrine 1 MG/ML Auto-Injector, Amoxicillin 250 MG / Clavulanate 125 MG Oral Tablet, Errin 28 Day Pack, Acetaminophen 325 MG Oral Tablet, Yaz 28 Day Pack, Levora 0.15/30 28 Day Pack, 72 HR Fentanyl 0.025 MG/HR Transdermal System, buprenorphine 2 MG / naloxone 0.5 MG Sublingual Tablet, Loratadine 5 MG Chewable Tablet, Acetaminophen 300 MG / Hydrocodone Bitartrate 5 MG Oral Tablet, 12 HR Hydrocodone Bitartrate 10 MG Extended Release Oral Capsule","Opioid abuse (disorder), Viral sinusitis (disorder), Acute bronchitis (disorder)","Mold , Peanut , Soya bean , Eggs  , House dust mite , Animal dander , Bee venom , Tree pollen "
374,72b71d33-b242-8f86-7ce0-198b3dfd3bf1,77,999-49-4855,Thresa,Mante,married,white,F,134 Borer Bypass,Brockton,"Simvastatin 10 MG Oral Tablet, Acetaminophen 325 MG Oral Tablet",Hyperlipidemia,Wheat 
375,0d61d17e-51a7-9590-3dc4-5aa410968b17,34,999-42-3556,Peter,Lynch,married,white,M,1086 Wisoky Dam,Rockland,amLODIPine 2.5 MG Oral Tablet,Hypertension,
376,964576b0-7527-b34a-d7c8-37cee9f6e396,21,999-67-6025,Yuriko,Rogahn,unknown,white,F,107 Becker Loaf Suite 96,South Amherst,"Amoxicillin 250 MG / Clavulanate 125 MG Oral Tablet, 3 ML Amiodarone hydrocholoride 50 MG/ML Prefilled Syringe, Acetaminophen 325 MG Oral Tablet, 1 ML Epinephrine 1 MG/ML Injection, Levora 0.15/30 28 Day Pack, Atropine Sulfate 1 MG/ML Injectable Solution","Acute bacterial sinusitis (disorder), Acute bronchitis (disorder)",
377,f99e1c5e-40c9-aa06-3e00-f2d944dc3ae0,81,999-72-6116,Geri,Padberg,married,white,F,152 Hilpert Junction,South Deerfield,Simvastatin 10 MG Oral Tablet,Hyperlipidemia,
378,aa2f41c3-412f-6635-26df-de6f46013766,59,999-92-4686,Chanel,Emmerich,married,white,F,634 Aufderhar Common,Weymouth,"Acetaminophen 500 MG Oral Tablet, Penicillin V Potassium 500 MG Oral Tablet, 0.4 ML Enoxaparin sodium 100 MG/ML Prefilled Syringe, Errin 28 Day Pack, 1 ML medroxyprogesterone acetate 150 MG/ML Injection, Etonogestrel 68 MG Drug Implant, lisinopril 10 MG Oral Tablet","Streptococcal sore throat (disorder), Hypertension",
379,f7f16284-7947-c5d0-9d50-d5e51e082888,24,999-49-2181,Sherley,Dare,unknown,white,F,849 Hermiston Viaduct,Marshfield,"Natazia 28 Day Pack, Levora 0.15/30 28 Day Pack",,
380,402e86ae-4bab-2990-e3e5-af591cb87f6e,45,999-17-1058,Carrol,Bogisich,married,white,M,835 Kuvalis Trail Unit 48,Northampton,"Naproxen sodium 220 MG Oral Tablet, Ibuprofen 200 MG Oral Tablet, amLODIPine 2.5 MG Oral Tablet, Acetaminophen 325 MG Oral Tablet, Acetaminophen 300 MG / Hydrocodone Bitartrate 5 MG Oral Tablet","Acute bronchitis (disorder), Hypertension",
381,d66b5418-06cb-fc8a-8c13-85685b6ac939,28,999-69-9126,Milton,Ortiz,unknown,white,M,769 Pfeffer Heights Unit 14,Somerville,"Acetaminophen 500 MG Oral Tablet, amLODIPine 2.5 MG Oral Tablet, 0.4 ML Enoxaparin sodium 100 MG/ML Prefilled Syringe, Acetaminophen 325 MG Oral Tablet, 1 ML Enoxaparin sodium 150 MG/ML Prefilled Syringe","Hypertension, Acute pulmonary embolism (disorder), Acute bronchitis (disorder)",
382,84fee56a-9ef7-8cff-e7d3-526ece562d87,72,999-26-8533,Dewitt,Bernier,married,asian,M,967 Funk Dam Unit 96,Somerville,"Acetaminophen 325 MG Oral Tablet, tramadol hydrochloride 50 MG Oral Tablet, Acetaminophen 325 MG / Oxycodone Hydrochloride 10 MG Oral Tablet [Percocet], Acetaminophen 300 MG / Hydrocodone Bitartrate 5 MG Oral Tablet, Ibuprofen 400 MG Oral Tablet [Ibu], Acetaminophen 325 MG Oral Tablet [Tylenol]",,
383,bde529cd-a87e-f646-6b7d-d0370a097d70,14,999-68-8044,Lance,Daugherty,unknown,white,M,716 McDermott Meadow Unit 55,Attleboro,"Acetaminophen 325 MG Oral Tablet, Acetaminophen 160 MG Chewable Tablet, Amoxicillin 500 MG Oral Tablet, Ibuprofen 100 MG Oral Tablet",Acute bronchitis (disorder),
384,1037e617-a1f1-fe6c-6204-815c28293a22,21,999-15-1760,Jude,Kerluke,unknown,white,M,867 Kautzer Trace Suite 89,Weymouth,Penicillin V Potassium 250 MG Oral Tablet,Acute viral pharyngitis (disorder),
385,9d403f74-9f2a-894d-468b-268f08189ab4,30,999-99-7586,Kizzie,Hickle,unknown,white,F,548 Kohler Knoll Apt 30,Lawrence,"Natazia 28 Day Pack, Naproxen sodium 220 MG Oral Tablet, NuvaRing 0.12/0.015 MG per 24HR 21 Day Vaginal Ring, Etonogestrel 68 MG Drug Implant, Camila 28 Day Pack, Seasonique 91 Day Pack",,
386,5cd20da5-2f01-b94a-07fb-173648c58460,81,999-16-3356,Sammie,Mosciski,married,white,F,896 Ledner Glen,Plymouth,"Naproxen sodium 220 MG Oral Tablet, Ibuprofen 200 MG Oral Tablet, Vitamin B 12 5 MG/ML Injectable Solution, Simvastatin 10 MG Oral Tablet, Alendronic acid 10 MG Oral Tablet","Osteoarthritis of knee, Hyperlipidemia",
387,0bbf4179-5526-b01d-b1b3-11a0f9742e3a,44,999-40-5730,Lazaro,Greenfelder,married,white,M,871 Rempel Bypass,Quincy,Naproxen sodium 220 MG Oral Tablet,,
388,863410e4-cd33-2f03-47b6-01fa2bc39753,23,999-55-4685,Renee,Hilll,unknown,asian,F,748 Greenholt Loaf Unit 79,Springfield,"Hydrocortisone 10 MG/ML Topical Cream, Acetaminophen 325 MG / oxyCODONE Hydrochloride 5 MG Oral Tablet, NDA020800 0.3 ML Epinephrine 1 MG/ML Auto-Injector, Trinessa 28 Day Pack, Amoxicillin 250 MG / Clavulanate 125 MG Oral Tablet, NDA020503 200 ACTUAT Albuterol 0.09 MG/ACTUAT Metered Dose Inhaler, Acetaminophen 325 MG Oral Tablet, Acetaminophen 160 MG Chewable Tablet, 1 ML medroxyprogesterone acetate 150 MG/ML Injection, 72 HR Fentanyl 0.025 MG/HR Transdermal System, 120 ACTUAT Fluticasone propionate 0.044 MG/ACTUAT Metered Dose Inhaler, Loratadine 5 MG Chewable Tablet, Acetaminophen 300 MG / Hydrocodone Bitartrate 5 MG Oral Tablet","Viral sinusitis (disorder), Atopic dermatitis, Childhood asthma","Mold , Wheat , Grass pollen , Animal dander , Tree pollen "
389,38f38890-b80f-6542-51d4-882c7b37b0bf,85,999-89-5652,Napoleon,Fay,single,white,M,182 McDermott Club Unit 86,Waltham,"Naproxen sodium 220 MG Oral Tablet, Amoxicillin 250 MG Oral Capsule, Amoxicillin 250 MG / Clavulanate 125 MG Oral Tablet, Hydrochlorothiazide 25 MG Oral Tablet, Acetaminophen 325 MG / HYDROcodone Bitartrate 7.5 MG Oral Tablet, Simvastatin 10 MG Oral Tablet, lisinopril 10 MG Oral Tablet","Acute bacterial sinusitis (disorder), Hypertension, Hyperlipidemia",
390,86b4e80a-13f8-e14b-cf3f-9000cc0e96b5,46,999-89-9390,Scottie,Fritsch,single,white,M,216 Gottlieb View Unit 55,Carver,"Hydrochlorothiazide 25 MG Oral Tablet, amLODIPine 2.5 MG Oral Tablet, Acetaminophen 325 MG Oral Tablet, lisinopril 10 MG Oral Tablet","Acute bronchitis (disorder), Hypertension",
391,9188198b-4f9b-8648-3609-37465be0a144,53,999-22-6498,Melodi,Hessel,single,white,F,613 Nicolas Track,Holyoke,"Acetaminophen 325 MG Oral Tablet, Amoxicillin 250 MG / Clavulanate 125 MG Oral Tablet","Viral sinusitis (disorder), Acute bronchitis (disorder)",
392,ccfc4db2-2026-7adb-3db0-33f3828140bb,49,999-19-3890,Abe,Schmidt,married,white,M,768 Mertz Camp,Peabody,"Hydrochlorothiazide 25 MG Oral Tablet, 72 HR Fentanyl 0.025 MG/HR Transdermal System, Acetaminophen 300 MG / Hydrocodone Bitartrate 5 MG Oral Tablet, Acetaminophen 325 MG Oral Tablet","Acute bronchitis (disorder), Hypertension",
393,5b0609a7-49e8-65b4-dc32-9edc8301c646,36,999-28-1194,Olimpia,Rolfson,single,white,F,510 Kemmer Drive,Chelmsford,"Abuse-Deterrent 12 HR Oxycodone Hydrochloride 10 MG Extended Release Oral Tablet [Oxycontin], Mirena 52 MG Intrauterine System, Acetaminophen 325 MG / Oxycodone Hydrochloride 10 MG Oral Tablet [Percocet], Acetaminophen 325 MG Oral Tablet, 72 HR Fentanyl 0.025 MG/HR Transdermal System, Seasonique 91 Day Pack, 168 HR Ethinyl Estradiol 0.00146 MG/HR / norelgestromin 0.00625 MG/HR Transdermal System",Acute bronchitis (disorder),
394,7673112e-f252-3c46-a7e7-ac1e1fe3fa45,31,999-79-6206,Roosevelt,Turner,married,asian,M,775 Legros Way Unit 65,Boston,"Acetaminophen 325 MG Oral Tablet, Acetaminophen 325 MG / Oxycodone Hydrochloride 10 MG Oral Tablet [Percocet], 12 HR Hydrocodone Bitartrate 10 MG Extended Release Oral Capsule",Acute bronchitis (disorder),
395,407ef75b-0a9c-ec23-60e5-c90ba86e27af,73,999-92-6496,Brice,Stark,married,white,M,360 Farrell Bridge Suite 94,Greenfield,"amLODIPine 2.5 MG Oral Tablet, Hydrochlorothiazide 25 MG Oral Tablet, Acetaminophen 325 MG Oral Tablet, Phenazopyridine hydrochloride 100 MG Oral Tablet, Simvastatin 10 MG Oral Tablet, Nitrofurantoin 5 MG/ML Oral Suspension, lisinopril 10 MG Oral Tablet","Escherichia coli urinary tract infection, Hyperlipidemia, Hypertension, Acute bronchitis (disorder)",
396,d362f4e5-244f-cf80-f2d5-25bcd2c97785,51,999-92-6588,Lorinda,Rosenbaum,married,asian,F,206 Denesik Well,Natick,"Hydrochlorothiazide 25 MG Oral Tablet, lisinopril 10 MG Oral Tablet",Hypertension,
397,c90a6e66-0199-98db-346c-c8efb2ba8ccf,38,999-11-8154,Jerrell,Fahey,single,black,M,797 Ernser Promenade,Boston,"Hydrochlorothiazide 25 MG Oral Tablet, Acetaminophen 325 MG Oral Tablet, lisinopril 10 MG Oral Tablet",Hypertension,
398,4d842986-92fc-ba68-b496-9d21913a7141,16,999-26-6205,Louvenia,Wisozk,unknown,white,F,700 Conn Common,Saugus,"Ibuprofen 100 MG Oral Tablet, Amoxicillin 500 MG Oral Tablet, cetirizine hydrochloride 5 MG Oral Tablet, NDA020800 0.3 ML Epinephrine 1 MG/ML Auto-Injector",,Shellfish 
399,9bbc77f6-c1e1-0c48-c64e-eb5958f15faf,14,999-58-4205,Sheron,Leffler,unknown,white,F,545 O'Reilly Mall,Douglas,Penicillin V Potassium 250 MG Oral Tablet,Streptococcal sore throat (disorder),
400,0a168e32-7b62-8597-0e11-296871bb764f,27,999-55-4711,Bryon,Howell,unknown,black,M,328 Leffler Trace Unit 95,Chicopee,"Ibuprofen 200 MG Oral Tablet, amLODIPine 2.5 MG Oral Tablet, Amoxicillin 250 MG / Clavulanate 125 MG Oral Tablet, Acetaminophen 325 MG Oral Tablet, Acetaminophen 21.7 MG/ML / Dextromethorphan Hydrobromide 1 MG/ML / doxylamine succinate 0.417 MG/ML Oral Solution","Viral sinusitis (disorder), Hypertension, Acute bronchitis (disorder)",
401,459f6a66-b392-60b2-5164-cf29d3be444e,40,999-57-9670,Earle,Balistreri,married,white,M,107 Nienow Manor Suite 91,Hudson,"Amoxicillin 250 MG / Clavulanate 125 MG Oral Tablet, Ibuprofen 200 MG Oral Tablet",Viral sinusitis (disorder),
402,c49a00b1-cead-b093-f02c-be9b7789c584,14,999-62-6454,Ernesto,Pacocha,unknown,white,M,789 Fahey Plaza,Gloucester,"Ibuprofen 100 MG Oral Tablet, Acetaminophen 160 MG Chewable Tablet, Amoxicillin 500 MG Oral Tablet",,
403,90a958eb-68a4-aa61-85e0-e9f20b083d94,61,999-16-2458,Calvin,Schiller,married,white,M,932 Dickens Gateway Apt 52,Methuen,Simvastatin 10 MG Oral Tablet,Hyperlipidemia,
404,fabb7ac2-1c62-3293-f43c-e35fb903c1c7,37,999-83-2791,Nicholas,Muller,single,asian,M,334 Bashirian Path,Westwood,"Acetaminophen 325 MG Oral Tablet, Acetaminophen 21.7 MG/ML / Dextromethorphan Hydrobromide 1 MG/ML / doxylamine succinate 0.417 MG/ML Oral Solution, Ibuprofen 200 MG Oral Tablet, Amoxicillin 250 MG Oral Capsule",Acute bronchitis (disorder),
405,fc8dfe9b-047b-4457-610f-75aff8e51692,26,999-56-1614,Colin,Barrows,unknown,white,M,886 Rutherford Wynd Suite 40,Leverett,"Acetaminophen 325 MG Oral Tablet, Acetaminophen 21.7 MG/ML / Dextromethorphan Hydrobromide 1 MG/ML / doxylamine succinate 0.417 MG/ML Oral Solution, Amoxicillin 250 MG / Clavulanate 125 MG Oral Tablet, Acetaminophen 325 MG Oral Tablet [Tylenol]","Viral sinusitis (disorder), Acute bronchitis (disorder)",
406,203e71e8-7254-6d5c-64a4-37258364dd41,60,999-56-2341,Winston,Stamm,married,white,M,682 King Manor Unit 14,Swansea,"NDA020503 200 ACTUAT Albuterol 0.09 MG/ACTUAT Metered Dose Inhaler, clonazePAM 0.25 MG Oral Tablet, 120 ACTUAT Fluticasone propionate 0.044 MG/ACTUAT Metered Dose Inhaler, Diazepam 5 MG Oral Tablet, Carbamazepine[Tegretol]",Childhood asthma,
407,81fbeaeb-d95a-1d34-e260-291f23fec526,15,999-25-9079,Eva,Soria,unknown,white,F,1073 Beer Fork Unit 13,Boston,"Ibuprofen 100 MG Oral Tablet, Acetaminophen 160 MG Chewable Tablet, Loratadine 5 MG Chewable Tablet, NDA020800 0.3 ML Epinephrine 1 MG/ML Auto-Injector",,
408,07a1f80c-f4e2-8e91-5913-270fc6afa25d,69,999-75-9370,Kenton,Lowe,married,white,M,534 Robel Heights,Marlborough,"Clopidogrel 75 MG Oral Tablet, Alteplase 100 MG Injection, 10 ML oxaliplatin 5 MG/ML Injection, Leucovorin 100 MG Injection",Malignant tumor of colon,Shellfish 
409,e4c2980e-ffa5-4570-988e-3eb8e108aad3,66,999-45-6613,Ethan,Smitham,married,white,M,317 Veum Ferry Unit 67,Chicopee,"Acetaminophen 325 MG Oral Tablet, Penicillin V Potassium 500 MG Oral Tablet, Alteplase 100 MG Injection, Clopidogrel 75 MG Oral Tablet","Streptococcal sore throat (disorder), Acute bronchitis (disorder)",
410,c30d42e6-8e9e-d548-8114-482cdd553fcb,18,999-54-2286,Hong,Miller,unknown,white,F,1009 Upton Parade,Revere,"Ibuprofen 100 MG Oral Tablet, Penicillin V Potassium 250 MG Oral Tablet, Amoxicillin 500 MG Oral Tablet",Streptococcal sore throat (disorder),
411,45e16cee-56b9-4619-d136-dbba2af81729,81,999-67-7010,Dann,Wisoky,married,white,F,828 Monahan Highlands Apt 95,Boston,"Simvastatin 10 MG Oral Tablet, Alendronic acid 10 MG Oral Tablet, Amoxicillin 250 MG / Clavulanate 125 MG Oral Tablet, Acetaminophen 325 MG Oral Tablet","Viral sinusitis (disorder), Acute bronchitis (disorder), Hyperlipidemia",
412,56e2acb9-efb3-f7b5-39bd-c2a1f860e553,16,999-87-3049,Jackie,Cummerata,unknown,white,M,947 Runolfsdottir Lane Suite 21,Shrewsbury,"Acetaminophen 160 MG Chewable Tablet, Amoxicillin 250 MG / Clavulanate 125 MG Oral Tablet, Acetaminophen 21.7 MG/ML / Dextromethorphan Hydrobromide 1 MG/ML / doxylamine succinate 0.417 MG/ML Oral Solution, Amoxicillin 500 MG Oral Tablet","Viral sinusitis (disorder), Acute bronchitis (disorder)",
413,29b21635-3f05-3634-1941-4122fb2471ce,38,999-85-3058,Marty,Nader,married,white,M,530 Gaylord Knoll Suite 45,Ludlow,"Acetaminophen 325 MG Oral Tablet, NDA020503 200 ACTUAT Albuterol 0.09 MG/ACTUAT Metered Dose Inhaler, 120 ACTUAT Fluticasone propionate 0.044 MG/ACTUAT Metered Dose Inhaler","Childhood asthma, Acute bronchitis (disorder)",
414,ce1153cb-d4ad-77e2-cd07-575e249a83ad,19,999-76-5232,Deidra,Rosenbaum,unknown,white,F,619 Keeling Bypass,Brockton,"Penicillin V Potassium 250 MG Oral Tablet, Natazia 28 Day Pack, NDA020800 0.3 ML Epinephrine 1 MG/ML Auto-Injector, Amoxicillin 250 MG Oral Capsule, Ibuprofen 200 MG Oral Tablet, NDA020503 200 ACTUAT Albuterol 0.09 MG/ACTUAT Metered Dose Inhaler, Acetaminophen 325 MG Oral Tablet, Fexofenadine hydrochloride 30 MG Oral Tablet, 120 ACTUAT Fluticasone propionate 0.044 MG/ACTUAT Metered Dose Inhaler","Streptococcal sore throat (disorder), Childhood asthma, Acute bronchitis (disorder)","Mold , Grass pollen , Eggs  , Latex , House dust mite , Animal dander , Bee venom , Tree pollen "
415,fa2d28b1-de84-ac96-ee04-a20dc54832c1,53,999-11-3474,Scarlet,Gaylord,married,white,F,916 Weber Key Unit 4,Natick,"amLODIPine 2.5 MG Oral Tablet, Errin 28 Day Pack, Acetaminophen 325 MG Oral Tablet, Camila 28 Day Pack, 1 ML medroxyprogesterone acetate 150 MG/ML Injection, insulin human  isophane 70 UNT/ML / Regular Insulin  Human 30 UNT/ML Injectable Suspension [Humulin], Etonogestrel 68 MG Drug Implant, 24 HR Metformin hydrochloride 500 MG Extended Release Oral Tablet, lisinopril 10 MG Oral Tablet","Acute bronchitis (disorder), Diabetes, Hypertension",
416,eebbb6c9-87b3-9978-5eab-84edacbccc7c,27,999-84-8741,Salvador,Tromp,unknown,white,M,218 Vandervort Lane Unit 20,Acton,"NDA020503 200 ACTUAT Albuterol 0.09 MG/ACTUAT Metered Dose Inhaler, Loratadine 5 MG Chewable Tablet, NDA020800 0.3 ML Epinephrine 1 MG/ML Auto-Injector, 120 ACTUAT Fluticasone propionate 0.044 MG/ACTUAT Metered Dose Inhaler",Childhood asthma,"Mold , Peanut , Grass pollen , Cow's milk , Latex , House dust mite , Animal dander , Tree pollen "
417,09faca51-f561-cdc3-e524-a1d682f19258,61,999-78-7307,Brendan,Grady,married,white,M,358 Homenick Orchard,Lakeville,"Naproxen sodium 220 MG Oral Tablet, ferrous sulfate 325 MG Oral Tablet, Chlorpheniramine Maleate 2 MG/ML Oral Solution, NDA020503 200 ACTUAT Albuterol 0.09 MG/ACTUAT Metered Dose Inhaler, 120 ACTUAT Fluticasone propionate 0.044 MG/ACTUAT Metered Dose Inhaler, Acetaminophen 21.7 MG/ML / Dextromethorphan Hydrobromide 1 MG/ML / doxylamine succinate 0.417 MG/ML Oral Solution","Osteoarthritis of knee, Childhood asthma, Acute bronchitis (disorder)","Mold , Wheat , Peanut , Grass pollen , Aspirin, Eggs  , Latex , House dust mite , Animal dander , Tree nut "
418,dbf10a3b-473c-ab44-3882-8c7f48244567,36,999-94-2941,Carlos,Cruickshank,married,asian,M,457 Hauck Dam Apt 66,Boston,"Abuse-Deterrent 12 HR Oxycodone Hydrochloride 10 MG Extended Release Oral Tablet [Oxycontin], Amoxicillin 250 MG / Clavulanate 125 MG Oral Tablet, 72 HR Fentanyl 0.025 MG/HR Transdermal System, Acetaminophen 300 MG / Hydrocodone Bitartrate 5 MG Oral Tablet, 12 HR Hydrocodone Bitartrate 10 MG Extended Release Oral Capsule",Acute bacterial sinusitis (disorder),
419,d1f767cc-a980-8bd9-8a1b-f7ada327b40c,6,999-66-5404,Miguel,Braun,unknown,white,M,961 Rolfson Skyway Unit 38,Webster,"Ibuprofen 100 MG Oral Tablet, Acetaminophen 160 MG Chewable Tablet, Amoxicillin 500 MG Oral Tablet, Cefuroxime 250 MG Oral Tablet",,
420,3f8f669e-a86e-7ed2-9cd3-af981a89dfa1,78,999-40-3939,Shelba,Dicki,married,white,F,909 Orn Forge Suite 29,Carlisle,"Alteplase 100 MG Injection, Warfarin Sodium 5 MG Oral Tablet, Verapamil Hydrochloride 40 MG, Digoxin 0.125 MG Oral Tablet, Hydrochlorothiazide 25 MG Oral Tablet, Acetaminophen 325 MG Oral Tablet, Clopidogrel 75 MG Oral Tablet, Alendronic acid 10 MG Oral Tablet, doxycycline hyclate 100 MG, Ibuprofen 400 MG Oral Tablet [Ibu]","Acute bronchitis (disorder), Viral sinusitis (disorder), Hypertension","Penicillin V, Soya bean "
421,61adebe2-451a-0518-8424-dabde68087ea,6,999-22-5398,Norma,Apodaca,unknown,asian,F,226 McDermott Harbor Suite 17,Boston,Acetaminophen 325 MG Oral Tablet,Acute bronchitis (disorder),
422,a3752f35-b99c-5da7-a16a-f6e06adc97ac,32,999-93-2619,Marty,Wisozk,married,black,M,1076 Von Boulevard,Boston,Amoxicillin 250 MG / Clavulanate 125 MG Oral Tablet,Viral sinusitis (disorder),
423,c6861ca8-bf6b-8912-57d6-68df88cbe481,30,999-76-4741,Parker,Hudson,unknown,white,M,815 Hermann Course Suite 16,Granby,"NDA020503 200 ACTUAT Albuterol 0.09 MG/ACTUAT Metered Dose Inhaler, 120 ACTUAT Fluticasone propionate 0.044 MG/ACTUAT Metered Dose Inhaler",Childhood asthma,
424,0d281c81-6c94-4578-c69f-217929d12245,50,999-41-8955,Roxy,Reichert,married,asian,F,544 Hermann Knoll,Arlington,"Jolivette 28 Day Pack, Acetaminophen 21.7 MG/ML / Dextromethorphan Hydrobromide 1 MG/ML / doxylamine succinate 0.417 MG/ML Oral Solution, Chlorpheniramine Maleate 2 MG/ML Oral Solution, Errin 28 Day Pack, Camila 28 Day Pack, Yaz 28 Day Pack, Seasonique 91 Day Pack, Mirena 52 MG Intrauterine System",Acute bronchitis (disorder),Peanut 
425,f49dace4-cb51-d640-468f-044ec67ed318,70,999-57-8497,Melisa,Effertz,married,white,F,332 Rutherford Track Unit 76,Marion,"Simvastatin 10 MG Oral Tablet, ferrous sulfate 325 MG Oral Tablet, Acetaminophen 325 MG Oral Tablet","Acute bronchitis (disorder), Hyperlipidemia",
426,d868e198-8ebe-2338-5691-4c1de3421c65,59,999-92-6622,Leonardo,Effertz,married,white,M,229 McDermott Dam Suite 90,Haverhill,"Naproxen sodium 220 MG Oral Tablet, lisinopril 10 MG Oral Tablet, Acetaminophen 500 MG Oral Tablet, Amoxicillin 250 MG / Clavulanate 125 MG Oral Tablet, 0.4 ML Enoxaparin sodium 100 MG/ML Prefilled Syringe, Hydrochlorothiazide 25 MG Oral Tablet, Acetaminophen 325 MG Oral Tablet [Tylenol]","Viral sinusitis (disorder), Osteoarthritis of knee, Hypertension",
427,81aa7647-779f-fd6b-94cf-782e606efeb2,11,999-92-3781,Aimee,Hudson,unknown,white,F,573 Tremblay Station Unit 3,Weston,Acetaminophen 325 MG Oral Tablet,Acute bronchitis (disorder),
428,03777c32-ed98-50e2-f75d-cbcad532c610,58,999-77-2595,Eloise,Gerhold,married,white,F,964 Hayes Stravenue Unit 38,Sudbury,"Naproxen sodium 220 MG Oral Tablet, Simvastatin 20 MG Oral Tablet, NuvaRing 0.12/0.015 MG per 24HR 21 Day Vaginal Ring, Amlodipine 5 MG Oral Tablet, Mirena 52 MG Intrauterine System, Nitroglycerin 0.4 MG/ACTUAT Mucosal Spray, Acetaminophen 325 MG Oral Tablet, Clopidogrel 75 MG Oral Tablet, Etonogestrel 68 MG Drug Implant, Acetaminophen 21.7 MG/ML / Dextromethorphan Hydrobromide 1 MG/ML / doxylamine succinate 0.417 MG/ML Oral Solution","Localized  primary osteoarthritis of the hand, Acute bronchitis (disorder)",
429,9055bf8d-a995-d068-a3e0-666a002b5683,15,999-85-5488,Manuela,Villalpando,unknown,white,F,931 Beatty Loaf,Holliston,"Ibuprofen 100 MG Oral Tablet, Cefuroxime 250 MG Oral Tablet",,
430,0b48bf9b-5582-1253-ab01-b34da54bad15,52,999-76-1573,Ramona,Cordero,single,black,F,374 Brown Rapid Apt 74,Boston,"Acetaminophen 325 MG Oral Tablet, Nitrofurantoin 5 MG/ML Oral Suspension, Phenazopyridine hydrochloride 100 MG Oral Tablet","Escherichia coli urinary tract infection, Acute bronchitis (disorder)",
431,4e100688-c089-1057-395a-eb4ced369230,13,999-78-8433,Bev,Morissette,unknown,white,F,157 Kling Gardens,East Brookfield,"Acetaminophen 325 MG Oral Tablet, Penicillin V Potassium 250 MG Oral Tablet","Streptococcal sore throat (disorder), Acute bronchitis (disorder)",
432,1ea40a05-c295-8b66-66a2-fda3bc1ed13f,65,999-91-1294,Brock,Paucek,married,white,M,979 Jacobi Club Apt 30,Lawrence,"Acetaminophen 325 MG Oral Tablet, Naproxen sodium 220 MG Oral Tablet, Amoxicillin 250 MG / Clavulanate 125 MG Oral Tablet, ferrous sulfate 325 MG Oral Tablet","Viral sinusitis (disorder), Acute bronchitis (disorder)",
433,19362ed4-09cb-6096-9b73-1c4e434d1cfa,17,999-69-3928,Brianna,Smitham,unknown,white,F,1066 Hayes Frontage road Suite 44,Rochester,"Acetaminophen 325 MG Oral Tablet, Penicillin V Potassium 250 MG Oral Tablet","Streptococcal sore throat (disorder), Acute bronchitis (disorder)",
434,eb16b994-f2ca-beee-fce4-25286f1a0e89,20,999-87-6831,Julieta,Schmitt,unknown,white,F,591 Nicolas Glen Unit 4,Sutton,"Acetaminophen 325 MG Oral Tablet, Acetaminophen 21.7 MG/ML / Dextromethorphan Hydrobromide 1 MG/ML / doxylamine succinate 0.417 MG/ML Oral Solution, NuvaRing 0.12/0.015 MG per 24HR 21 Day Vaginal Ring, Acetaminophen 160 MG Chewable Tablet",Acute bronchitis (disorder),
435,fae0edab-0c3d-d1ed-5fbd-bb87125da5c4,22,999-43-1984,Milagros,Douglas,unknown,asian,F,701 Walter Hollow Unit 21,Boston,"NDA020800 0.3 ML Epinephrine 1 MG/ML Auto-Injector, NDA020503 200 ACTUAT Albuterol 0.09 MG/ACTUAT Metered Dose Inhaler, predniSONE 5 MG Oral Tablet, 120 ACTUAT Fluticasone propionate 0.044 MG/ACTUAT Metered Dose Inhaler, Seasonique 91 Day Pack, Loratadine 5 MG Chewable Tablet",Childhood asthma,"Mold , Wheat , Grass pollen , House dust mite , Animal dander , Bee venom , Tree pollen "
436,8c39d1ea-a482-d741-288d-0c780719797f,43,999-23-5190,Nova,Blanda,married,white,F,233 Armstrong Light Apt 64,Boston,"Etonogestrel 68 MG Drug Implant, 168 HR Ethinyl Estradiol 0.00146 MG/HR / norelgestromin 0.00625 MG/HR Transdermal System, Levora 0.15/30 28 Day Pack, Acetaminophen 325 MG Oral Tablet",Acute bronchitis (disorder),
437,e1245016-60e8-f2d1-728b-5f32bf4b387b,52,999-65-8823,Thomasina,Heidenreich,single,white,F,802 Orn Vista Apt 72,Boston,"ferrous sulfate 325 MG Oral Tablet, Hydrocortisone 10 MG/ML Topical Cream, NDA020800 0.3 ML Epinephrine 1 MG/ML Auto-Injector, Acetaminophen 325 MG Oral Tablet, Loratadine 10 MG Oral Tablet, 24 HR Metformin hydrochloride 500 MG Extended Release Oral Tablet","Contact dermatitis, Diabetes, Acute bronchitis (disorder)",
438,915aacda-a5d6-b157-5f8a-572c9ed4eb0f,62,999-50-8286,Jonas,Sporer,single,white,M,201 Kris Terrace,Boston,"Abuse-Deterrent 12 HR Oxycodone Hydrochloride 10 MG Extended Release Oral Tablet [Oxycontin], Amoxicillin 250 MG / Clavulanate 125 MG Oral Tablet, tramadol hydrochloride 50 MG Oral Tablet",Viral sinusitis (disorder),
439,9f876c35-7d5a-dc96-971d-2e1b11700318,7,999-44-6948,Kenton,Purdy,unknown,white,M,842 Metz Trace,Shrewsbury,"Ibuprofen 100 MG Oral Tablet, Acetaminophen 160 MG Chewable Tablet, Amoxicillin 500 MG Oral Tablet",,
440,af7711e2-9168-bf9a-63de-9fe3e5bad22d,30,999-18-6191,Oren,Vandervort,unknown,white,M,184 Murray Gardens Apt 13,Southbridge,"NDA020800 0.3 ML Epinephrine 1 MG/ML Auto-Injector, amLODIPine 2.5 MG Oral Tablet, NDA020503 200 ACTUAT Albuterol 0.09 MG/ACTUAT Metered Dose Inhaler, Hydrochlorothiazide 25 MG Oral Tablet, Acetaminophen 325 MG Oral Tablet, 72 HR Fentanyl 0.025 MG/HR Transdermal System, Fexofenadine hydrochloride 30 MG Oral Tablet, 120 ACTUAT Fluticasone propionate 0.044 MG/ACTUAT Metered Dose Inhaler, Acetaminophen 325 MG / Oxycodone Hydrochloride 10 MG Oral Tablet [Percocet], lisinopril 10 MG Oral Tablet","Acute bronchitis (disorder), Childhood asthma, Hypertension","Mold , Grass pollen , Sulfamethoxazole / Trimethoprim, Fish , House dust mite , Animal dander , Tree pollen "
441,83f922a9-3567-cb65-b57f-2da9cc05af15,61,999-51-6068,Sofia,Mesa,married,other,F,899 Sawayn Trafficway,Beverly,"Ibuprofen 200 MG Oral Tablet, Trinessa 28 Day Pack, Vitamin B 12 5 MG/ML Injectable Solution, Hydrochlorothiazide 25 MG Oral Tablet, Seasonique 91 Day Pack, lisinopril 10 MG Oral Tablet",Hypertension,
442,b3c96d58-b033-6bc7-a65f-3acd85698fd6,5,999-93-4564,Raymonde,Marvin,unknown,white,F,991 Boyle Forge Apt 95,Salem,"Ibuprofen 100 MG Oral Tablet, Amoxicillin 500 MG Oral Tablet",,
443,82493462-2eea-803b-7183-4e8b1b4ee8d9,87,999-75-1531,Merrill,Jones,married,white,M,806 Walsh Union Suite 13,Duxbury,"Naproxen sodium 220 MG Oral Tablet, Acetaminophen 325 MG / oxyCODONE Hydrochloride 5 MG Oral Tablet, Meperidine Hydrochloride 50 MG Oral Tablet, Amoxicillin 250 MG / Clavulanate 125 MG Oral Tablet, Acetaminophen 325 MG Oral Tablet, Cefuroxime 250 MG Oral Tablet, Simvastatin 10 MG Oral Tablet","Sinusitis (disorder), Hyperlipidemia",
444,d57e867e-4896-9e07-f502-5f4f881bd80e,65,999-72-3767,Ula,Medhurst,married,white,F,875 D'Amore Tunnel Suite 92,Somerville,"amLODIPine 2.5 MG Oral Tablet, Penicillin V Potassium 500 MG Oral Tablet, Hydrochlorothiazide 25 MG Oral Tablet, insulin human  isophane 70 UNT/ML / Regular Insulin  Human 30 UNT/ML Injectable Suspension [Humulin], 24 HR Metformin hydrochloride 500 MG Extended Release Oral Tablet, lisinopril 10 MG Oral Tablet","Streptococcal sore throat (disorder), Diabetes, Hypertension",
445,443e574b-0480-6ad5-8add-e22f5e87a9bb,73,999-54-9059,Dorian,Will,married,black,M,935 Koelpin Meadow Suite 22,Boston,"Acetaminophen 325 MG Oral Tablet, Digoxin 0.125 MG Oral Tablet, Warfarin Sodium 5 MG Oral Tablet, Verapamil Hydrochloride 40 MG",Acute bronchitis (disorder),
446,094c294d-4e4c-043d-4100-f59b08b45770,35,999-97-8600,Ayanna,Krajcik,single,white,F,1001 Hayes Crossing Suite 10,Hudson,"Jolivette 28 Day Pack, Ibuprofen 200 MG Oral Tablet, Amoxicillin 250 MG / Clavulanate 125 MG Oral Tablet, Errin 28 Day Pack, Etonogestrel 68 MG Drug Implant",Viral sinusitis (disorder),
447,e23c7a6e-6ef2-3932-1361-b73b4c8a3961,111,999-88-5404,Sung,Weber,married,black,M,754 Effertz Gardens Suite 78,Boston,"Donepezil hydrochloride 10 MG Oral Tablet, Warfarin Sodium 5 MG Oral Tablet, amLODIPine 2.5 MG Oral Tablet, Verapamil Hydrochloride 40 MG, Digoxin 0.125 MG Oral Tablet, 0.25 ML Leuprolide Acetate 30 MG/ML Prefilled Syringe, 1 ML DOCEtaxel 20 MG/ML Injection, insulin human  isophane 70 UNT/ML / Regular Insulin  Human 30 UNT/ML Injectable Suspension [Humulin], Simvastatin 10 MG Oral Tablet, 24 HR Metformin hydrochloride 500 MG Extended Release Oral Tablet","Diabetes, Alzheimer's disease (disorder), Hypertension, Hyperlipidemia",
448,c5340af3-dde7-d403-78dd-bf20a03f0238,24,999-99-9148,Margorie,Stoltenberg,unknown,white,F,204 Feeney Wall,Granby,"Penicillin V Potassium 250 MG Oral Tablet, Ibuprofen 200 MG Oral Tablet, Camila 28 Day Pack, Acetaminophen 325 MG / HYDROcodone Bitartrate 7.5 MG Oral Tablet, Levora 0.15/30 28 Day Pack, 168 HR Ethinyl Estradiol 0.00146 MG/HR / norelgestromin 0.00625 MG/HR Transdermal System",Streptococcal sore throat (disorder),
449,4e65c7b6-abda-fcae-ffb1-31c700e03afd,55,999-36-9698,Tiana,Fay,single,white,F,522 Stiedemann Lock Unit 29,Peabody,"Acetaminophen 325 MG / oxyCODONE Hydrochloride 5 MG Oral Tablet, Ibuprofen 200 MG Oral Tablet, Chlorpheniramine Maleate 2 MG/ML Oral Solution, Acetaminophen 325 MG Oral Tablet, Hydrochlorothiazide 25 MG Oral Tablet, lisinopril 10 MG Oral Tablet","Acute bronchitis (disorder), Hypertension","Mold , Peanut , Grass pollen , Aspirin, House dust mite , cefdinir, Animal dander , Bee venom , Tree pollen "
450,6d2fc252-7270-aa59-e5e0-0c21432984ba,76,999-66-5514,Allison,Howell,married,white,F,1095 Hartmann Trailer,East Dennis,"Acetaminophen 325 MG Oral Tablet, lisinopril 10 MG Oral Tablet",Hypertension,
451,b810c52d-5c90-ede3-65b0-cdcda01df8f4,30,999-30-6389,Ashley,McKenzie,unknown,asian,F,1061 Bergnaum Lane,Newbury,"Natazia 28 Day Pack, Ibuprofen 200 MG Oral Tablet, Trinessa 28 Day Pack, Acetaminophen 325 MG Oral Tablet, Seasonique 91 Day Pack",Acute bronchitis (disorder),
452,9027ebcb-fab1-6cb7-60c1-1c9dd2b7b729,58,999-41-8602,Ned,Emmerich,married,asian,M,218 Hayes Path Unit 91,Braintree,"piperacillin 2000 MG / tazobactam 250 MG Injection, Ibuprofen 200 MG Oral Tablet, Penicillin V Potassium 500 MG Oral Tablet, 150 ML vancomycin 5 MG/ML Injection, 4 ML norepinephrine 1 MG/ML Injection","Sepsis (disorder), Streptococcal sore throat (disorder), Septic shock (disorder)",
453,a67877ad-5f7a-782d-c74c-0aa5d2072de3,22,999-75-4531,Man,Kassulke,unknown,white,F,802 Pfannerstill Crossing,Clinton,"Trinessa 28 Day Pack, Yaz 28 Day Pack, Levora 0.15/30 28 Day Pack",,
454,6d06eb4a-dc31-a2d2-1144-afea738d5302,43,999-19-5507,Cristen,Hammes,married,white,F,491 Rippin Trail,Cambridge,"Natazia 28 Day Pack, Naproxen sodium 220 MG Oral Tablet, Ibuprofen 200 MG Oral Tablet, Penicillin V Potassium 500 MG Oral Tablet, Astemizole 10 MG Oral Tablet, Etonogestrel 68 MG Drug Implant",Streptococcal sore throat (disorder),"Wheat , Aspirin"
455,297c1550-317d-aac0-b529-042721fed414,31,999-12-7403,Chan,Hartmann,unknown,white,F,263 Jaskolski Meadow Unit 56,Mattapoisett,"Jolivette 28 Day Pack, Trinessa 28 Day Pack, Amoxicillin 250 MG / Clavulanate 125 MG Oral Tablet, Errin 28 Day Pack, Acetaminophen 325 MG Oral Tablet, 1 ML medroxyprogesterone acetate 150 MG/ML Injection","Viral sinusitis (disorder), Acute bronchitis (disorder)",
456,3724187a-4b7f-43ef-aa6f-22e13b76449b,6,999-78-8833,Dan,Tromp,unknown,white,M,771 Rutherford Mill,Mansfield,"Ibuprofen 100 MG Oral Tablet, Acetaminophen 21.7 MG/ML / Dextromethorphan Hydrobromide 1 MG/ML / doxylamine succinate 0.417 MG/ML Oral Solution",Acute bronchitis (disorder),
457,7249d5ba-664d-786e-f1c8-924588615e7a,22,999-98-2374,Cecilia,Arroyo,unknown,white,F,907 Metz Ranch,Lynn,"Acetaminophen 325 MG Oral Tablet, cetirizine hydrochloride 5 MG Oral Tablet, Ibuprofen 200 MG Oral Tablet, NDA020800 0.3 ML Epinephrine 1 MG/ML Auto-Injector",Acute bronchitis (disorder),
458,59f7a978-7c32-4d81-4879-56a8d44f4a12,49,999-74-6523,Timothy,Bayer,married,black,M,869 Ruecker Junction Unit 84,Natick,"Hydrochlorothiazide 25 MG Oral Tablet, clonazePAM 0.25 MG Oral Tablet, Acetaminophen 325 MG Oral Tablet","Acute bronchitis (disorder), Hypertension",
459,c46a254d-cd25-4375-528b-e8d0da9c6a29,71,999-45-8535,Giovanni,Barrows,married,white,M,535 Bartell Junction Unit 77,Worcester,"24hr nicotine transdermal patch, piperacillin 2000 MG / tazobactam 250 MG Injection, amLODIPine 2.5 MG Oral Tablet, 150 ML vancomycin 5 MG/ML Injection, Hydrochlorothiazide 25 MG Oral Tablet, Simvastatin 10 MG Oral Tablet, Acetaminophen 21.7 MG/ML / Dextromethorphan Hydrobromide 1 MG/ML / doxylamine succinate 0.417 MG/ML Oral Solution, lisinopril 10 MG Oral Tablet","Acute bronchitis (disorder), Sepsis (disorder), Hypertension, Hyperlipidemia",
460,795045ce-11be-b8ac-a5c7-886d4eca732c,18,999-59-3877,Tyrell,Fadel,unknown,white,M,528 Parker Divide Unit 82,Shrewsbury,"cetirizine hydrochloride 5 MG Oral Tablet, Ibuprofen 200 MG Oral Tablet, NDA020800 0.3 ML Epinephrine 1 MG/ML Auto-Injector, Amoxicillin 250 MG / Clavulanate 125 MG Oral Tablet, Acetaminophen 21.7 MG/ML / Dextromethorphan Hydrobromide 1 MG/ML / doxylamine succinate 0.417 MG/ML Oral Solution","Viral sinusitis (disorder), Acute bronchitis (disorder)","Mold , Grass pollen , Shellfish , Latex , House dust mite , Animal dander "
461,76b289fd-e825-734c-8446-316f59643593,41,999-60-5165,Agueda,Gerhold,married,white,F,733 Bednar Grove Apt 36,Boston,"Naproxen sodium 220 MG Oral Tablet, NDA020800 0.3 ML Epinephrine 1 MG/ML Auto-Injector, Acetaminophen 500 MG Oral Tablet, Astemizole 10 MG Oral Tablet, Meperidine Hydrochloride 50 MG Oral Tablet, 0.4 ML Enoxaparin sodium 100 MG/ML Prefilled Syringe, Acetaminophen 325 MG Oral Tablet, Phenazopyridine hydrochloride 100 MG Oral Tablet, Nitrofurantoin 5 MG/ML Oral Suspension, 1 ML Enoxaparin sodium 150 MG/ML Prefilled Syringe","Escherichia coli urinary tract infection, Acute deep venous thrombosis (disorder)",
462,747405cb-2f91-e54a-c123-55f4e9edfc4c,49,999-83-5294,Troy,Jerde,married,asian,M,352 Blanda Promenade Apt 28,Leominster,"Naproxen sodium 220 MG Oral Tablet, Acetaminophen 21.7 MG/ML / Dextromethorphan Hydrobromide 1 MG/ML / doxylamine succinate 0.417 MG/ML Oral Solution",Acute bronchitis (disorder),
463,e1a2f3c6-27a7-f162-492e-62a5fffc38e0,75,999-20-9444,Dayle,Trantow,married,white,F,942 Wolff Crossing Unit 1,Northborough,"Acetaminophen 325 MG Oral Tablet, Alendronic acid 10 MG Oral Tablet, Simvastatin 10 MG Oral Tablet","Acute bronchitis (disorder), Hyperlipidemia",
464,9ccd0d4f-f8f2-34a4-4ba9-9b9b92c6370a,19,999-28-5066,Javier,Tijerina,unknown,white,M,446 Jast Mission Unit 87,Lynn,"Ibuprofen 100 MG Oral Tablet, Amoxicillin 500 MG Oral Tablet, Acetaminophen 325 MG Oral Tablet",Acute bronchitis (disorder),
465,d19face0-6272-fbfb-7882-7745c0a86eb5,55,999-83-2774,Carl,Kunze,married,white,M,596 Flatley Ranch Unit 93,Lawrence,"Acetaminophen 325 MG Oral Tablet, Meperidine Hydrochloride 50 MG Oral Tablet, Cefuroxime 250 MG Oral Tablet",,
466,cf79ac17-78d8-6fa4-1210-b3efdea80f7d,51,999-66-7185,Francisco,Mora,single,white,M,478 Rosenbaum Common Apt 50,Boston,"Amoxicillin 250 MG / Clavulanate 125 MG Oral Tablet, Acetaminophen 21.7 MG/ML / Dextromethorphan Hydrobromide 1 MG/ML / doxylamine succinate 0.417 MG/ML Oral Solution, amLODIPine 2.5 MG Oral Tablet","Acute bronchitis (disorder), Viral sinusitis (disorder), Hypertension",
467,5c15f3b9-fbd5-80e5-755d-5a697e4b0499,23,999-87-4285,Ellen,Windler,unknown,white,F,377 Gutmann Meadow,Peabody,Trinessa 28 Day Pack,,
468,c628b9c2-31de-fd80-f913-2e9ad36393a9,47,999-10-2560,Lemuel,Lueilwitz,married,white,M,749 Denesik Way Suite 58,Haverhill,Naproxen sodium 220 MG Oral Tablet,Osteoarthritis of knee,
469,92fb7efc-5cfd-f8d3-927b-42f8ee099531,12,999-34-2298,Ahmed,OReilly,unknown,white,M,857 Kling Arcade,Worcester,"cetirizine hydrochloride 5 MG Oral Tablet, NDA020800 0.3 ML Epinephrine 1 MG/ML Auto-Injector, Ibuprofen 100 MG Oral Tablet, Acetaminophen 160 MG Chewable Tablet, Amoxicillin 500 MG Oral Tablet",,Fish 
470,b74d0752-3c8d-4374-78d0-618105abb04c,52,999-99-7733,Kaye,Mayert,married,white,F,1095 West Rapid Unit 71,Brockton,Acetaminophen 325 MG Oral Tablet,,
471,436a7fef-6640-96ab-2557-77e40e947bc9,21,999-46-1194,Arline,Rohan,unknown,white,F,584 Dare Station,Agawam,"Amoxicillin 250 MG / Clavulanate 125 MG Oral Tablet, Natazia 28 Day Pack, Acetaminophen 160 MG Chewable Tablet",Sinusitis (disorder),
472,d92df2e8-3c36-b226-ac2f-0318da0327b8,27,999-16-4758,Long,Thompson,unknown,white,M,545 Crooks Bridge Apt 25,Barnstable,"Acetaminophen 325 MG Oral Tablet, lisinopril 10 MG Oral Tablet, Hydrochlorothiazide 25 MG Oral Tablet","Acute bronchitis (disorder), Hypertension",
473,fcde6abf-947c-a505-86db-6ee8fd387a7f,57,999-93-6057,Janie,Macejkovic,married,black,F,639 Nolan Light,Needham,Acetaminophen 325 MG Oral Tablet [Tylenol],,
474,c23879ce-c23c-dbb3-8812-1ecdcbbdfe6f,56,999-35-6329,Tajuana,Boyle,single,white,F,892 Stoltenberg Passage,Pembroke,"Naproxen sodium 220 MG Oral Tablet, Hydrocortisone 10 MG/ML Topical Cream, NDA020800 0.3 ML Epinephrine 1 MG/ML Auto-Injector, Astemizole 10 MG Oral Tablet, 3 ML Amiodarone hydrocholoride 50 MG/ML Prefilled Syringe, 1 ML Epinephrine 1 MG/ML Injection, Atropine Sulfate 1 MG/ML Injectable Solution","Contact dermatitis, Osteoarthritis of knee",cefdinir
475,d7c46304-29f5-5ddb-f5df-7d816cf4f318,42,999-59-2801,Elana,Herman,married,white,F,790 O'Kon Spur Suite 12,Westwood,"Jolivette 28 Day Pack, diphenhydrAMINE Hydrochloride 25 MG Oral Tablet, 1 ML medroxyPROGESTERone acetate 150 MG/ML Injection, NDA020800 0.3 ML Epinephrine 1 MG/ML Auto-Injector, Amoxicillin 250 MG / Clavulanate 125 MG Oral Tablet, Kyleena 19.5 MG Intrauterine System, Etonogestrel 68 MG Drug Implant, Mirena 52 MG Intrauterine System",Viral sinusitis (disorder),"Mold , Animal dander "
476,d6a7458f-9502-ef68-1ff8-539bda019f8c,16,999-49-2761,Claudio,Swift,unknown,white,M,1034 O'Keefe Wall Unit 28,Worcester,"Pulmozyme (Dornase Alfa), 20 ML Ciprofloxacin 10 MG/ML Injection, Pancreatin 600 MG Oral Tablet","Cystic Fibrosis, Infection caused by Pseudomonas aeruginosa",
477,fdc21ebe-f012-0831-ccfc-28d243f4b5ac,43,999-69-7155,Luci,Murphy,married,white,F,761 O'Conner Junction,Boston,"Jolivette 28 Day Pack, Etonogestrel 68 MG Drug Implant, Amoxicillin 250 MG / Clavulanate 125 MG Oral Tablet, Yaz 28 Day Pack, 1 ML medroxyprogesterone acetate 150 MG/ML Injection, Phenazopyridine hydrochloride 100 MG Oral Tablet, Kyleena 19.5 MG Intrauterine System, Nitrofurantoin 5 MG/ML Oral Suspension","Escherichia coli urinary tract infection, Acute bacterial sinusitis (disorder)",
478,2eb19e95-d892-0973-f9c1-1c915d3e622d,32,999-28-2661,Moira,McLaughlin,married,white,F,1026 Carroll Extension Apt 25,Somerville,"Naproxen sodium 220 MG Oral Tablet, 168 HR Ethinyl Estradiol 0.00146 MG/HR / norelgestromin 0.00625 MG/HR Transdermal System, Yaz 28 Day Pack, Camila 28 Day Pack",,
479,07fc8824-40ff-4c97-898d-f906bc6f2fd3,71,999-44-6768,Fleta,Pollich,married,white,F,646 Weimann Hollow,Fall River,Acetaminophen 21.7 MG/ML / Dextromethorphan Hydrobromide 1 MG/ML / doxylamine succinate 0.417 MG/ML Oral Solution,Acute bronchitis (disorder),
480,7bc66758-5d59-0b38-1532-29a33fa146c1,114,999-60-8357,Susana,Meléndez,married,white,F,435 Bode Ferry Apt 60,Westfield,"Naproxen sodium 220 MG Oral Tablet, Warfarin Sodium 5 MG Oral Tablet, Verapamil Hydrochloride 40 MG, Digoxin 0.125 MG Oral Tablet, Acetaminophen 325 MG Oral Tablet, Naproxen 500 MG Oral Tablet","Rheumatoid arthritis, Acute bronchitis (disorder)",Wheat 
481,722b8d8e-7435-5871-ab7d-9f4b900f1a6e,68,999-97-6301,Val,Weber,single,black,F,1069 Haley Club,Quincy,"Hydrochlorothiazide 25 MG Oral Tablet, Naproxen sodium 220 MG Oral Tablet, Amoxicillin 250 MG / Clavulanate 125 MG Oral Tablet, Ibuprofen 400 MG Oral Tablet [Ibu]","Acute bacterial sinusitis (disorder), Osteoarthritis of knee, Hypertension",
482,48e5fb94-b8a0-49e0-7426-63cbccc47945,61,999-80-1232,Sharlene,Dach,married,hawaiian,F,739 Padberg Annex Suite 39,Dartmouth,"Etonogestrel 68 MG Drug Implant, Simvastatin 10 MG Oral Tablet",Hyperlipidemia,
483,08c885d3-43c9-efd4-e8b3-c6140832b18f,25,999-10-2169,Otto,Schmeler,unknown,white,M,651 Weissnat Dale Suite 59,Cambridge,Amoxicillin 250 MG / Clavulanate 125 MG Oral Tablet,Viral sinusitis (disorder),
484,155e8fa2-a0ac-80e4-23e2-0395cdcf1794,17,999-58-4150,Myrtice,Ernser,unknown,white,F,822 Eichmann Key Apt 39,Nantucket,"Ibuprofen 100 MG Oral Tablet, Amoxicillin 500 MG Oral Tablet",,
485,e26891fb-8959-8553-d12a-f92bd5c3bafa,23,999-95-4935,Mae,DAmore,unknown,white,F,784 Reichert Trailer Apt 50,Ludlow,"Penicillin V Potassium 250 MG Oral Tablet, Natazia 28 Day Pack, 1 ML medroxyPROGESTERone acetate 150 MG/ML Injection, amLODIPine 2.5 MG Oral Tablet, Acetaminophen 325 MG Oral Tablet, Camila 28 Day Pack, Hydrochlorothiazide 25 MG Oral Tablet, lisinopril 10 MG Oral Tablet","Hypertension, Streptococcal sore throat (disorder), Acute bronchitis (disorder)",
486,b4b89a78-2d0b-f956-1c84-b373ffd34e49,60,999-64-4270,Breanne,Leffler,single,white,F,824 Hammes Village Suite 28,Springfield,"Natazia 28 Day Pack, Cisplatin 50 MG Injection, amLODIPine 2.5 MG Oral Tablet, PACLitaxel 100 MG Injection, Hydrochlorothiazide 25 MG Oral Tablet, Levora 0.15/30 28 Day Pack, 168 HR Ethinyl Estradiol 0.00146 MG/HR / norelgestromin 0.00625 MG/HR Transdermal System, Ibuprofen 400 MG Oral Tablet [Ibu], lisinopril 10 MG Oral Tablet","Non-small cell carcinoma of lung  TNM stage 1 (disorder), Hypertension",
487,b795bf03-28fb-ad1d-5a43-3e44422700a7,62,999-55-1245,Janella,Adams,married,white,F,123 Adams Arcade Apt 13,Northampton,"Etonogestrel 68 MG Drug Implant, Nitrofurantoin 5 MG/ML Oral Suspension, Phenazopyridine hydrochloride 100 MG Oral Tablet, Acetaminophen 325 MG Oral Tablet","Acute bronchitis (disorder), Cystitis",
488,49dcfcdb-2e70-3c98-9ce1-7020c1d8850d,34,999-14-5107,Camille,OKon,married,white,F,284 Nader Crossroad Suite 91,Walpole,"Amoxicillin 250 MG / Clavulanate 125 MG Oral Tablet, Errin 28 Day Pack, Hydrochlorothiazide 25 MG Oral Tablet, Acetaminophen 325 MG Oral Tablet, Acetaminophen 21.7 MG/ML / Dextromethorphan Hydrobromide 1 MG/ML / doxylamine succinate 0.417 MG/ML Oral Solution, lisinopril 10 MG Oral Tablet","Acute bronchitis (disorder), Viral sinusitis (disorder), Hypertension",
489,35e37786-cae2-06f7-f0da-7fca4b33f3e7,9,999-23-9038,Gudrun,Glover,unknown,white,F,567 McDermott Gateway Unit 84,Dalton,"Acetaminophen 21.7 MG/ML / Dextromethorphan Hydrobromide 1 MG/ML / doxylamine succinate 0.417 MG/ML Oral Solution, Amoxicillin 250 MG / Clavulanate 125 MG Oral Tablet","Viral sinusitis (disorder), Acute bronchitis (disorder)",
490,905c24ca-4f11-d6e1-c555-fcf809b6144c,25,999-11-5315,Betsy,Bashirian,unknown,white,F,236 McClure Flat,Pinehurst,"Penicillin V Potassium 250 MG Oral Tablet, Naproxen sodium 220 MG Oral Tablet, Jolivette 28 Day Pack, 12 HR Hydrocodone Bitartrate 10 MG Extended Release Oral Capsule, Abuse-Deterrent 12 HR Oxycodone Hydrochloride 10 MG Extended Release Oral Tablet [Oxycontin], Acetaminophen 325 MG Oral Tablet, Hydrochlorothiazide 25 MG Oral Tablet, 72 HR Fentanyl 0.025 MG/HR Transdermal System, Acetaminophen 325 MG / Oxycodone Hydrochloride 10 MG Oral Tablet [Percocet], lisinopril 10 MG Oral Tablet","Streptococcal sore throat (disorder), Hypertension",
491,5172375b-b342-9aed-8497-6840f37b5297,41,999-36-7334,Ross,Willms,married,white,M,796 Ziemann Walk Apt 9,New Bedford,"Naproxen sodium 220 MG Oral Tablet, Ibuprofen 200 MG Oral Tablet, Penicillin V Potassium 500 MG Oral Tablet, Abuse-Deterrent 12 HR Oxycodone Hydrochloride 10 MG Extended Release Oral Tablet [Oxycontin], Hydrochlorothiazide 25 MG Oral Tablet, Acetaminophen 325 MG Oral Tablet, Acetaminophen 300 MG / Hydrocodone Bitartrate 5 MG Oral Tablet, lisinopril 10 MG Oral Tablet","Acute bronchitis (disorder), Streptococcal sore throat (disorder), Hypertension",
492,478dfbd6-4a0b-f3cb-0d30-a336f9d0c2e8,27,999-19-2838,Florencia,Ontiveros,unknown,white,F,781 Cruickshank Wynd Apt 72,Boston,"Natazia 28 Day Pack, Abuse-Deterrent 12 HR Oxycodone Hydrochloride 15 MG Extended Release Oral Tablet, 1 ML medroxyPROGESTERone acetate 150 MG/ML Injection, Etonogestrel 68 MG Drug Implant, Levora 0.15/30 28 Day Pack, Acetaminophen 300 MG / HYDROcodone Bitartrate 5 MG Oral Tablet, Acetaminophen 325 MG / Oxycodone Hydrochloride 5 MG Oral Tablet, Diazepam 5 MG Oral Tablet, Ibuprofen 400 MG Oral Tablet [Ibu]",,
493,49ad5c5c-a6b4-ab0f-8ed9-fe107000d511,29,999-72-1799,Paris,West,unknown,black,M,915 Funk Vista Apt 27,Marshfield,"Amoxicillin 250 MG / Clavulanate 125 MG Oral Tablet, Ibuprofen 200 MG Oral Tablet",Viral sinusitis (disorder),
494,58287c7e-a28d-2607-00a4-8baab8c7e3ad,31,999-88-6441,Sheldon,Becker,married,white,M,613 Gutkowski Gate,Boston,"Naproxen sodium 220 MG Oral Tablet, Amoxicillin 250 MG Oral Capsule, Abuse-Deterrent 12 HR Oxycodone Hydrochloride 10 MG Extended Release Oral Tablet [Oxycontin], Amoxicillin 250 MG / Clavulanate 125 MG Oral Tablet, 72 HR Fentanyl 0.025 MG/HR Transdermal System, Acetaminophen 21.7 MG/ML / Dextromethorphan Hydrobromide 1 MG/ML / doxylamine succinate 0.417 MG/ML Oral Solution, Acetaminophen 300 MG / Hydrocodone Bitartrate 5 MG Oral Tablet, 12 HR Hydrocodone Bitartrate 10 MG Extended Release Oral Capsule","Viral sinusitis (disorder), Acute bronchitis (disorder)",
495,fbe20eaf-cbd9-11a2-2791-d69cc00771bb,49,999-83-2588,Glinda,OKeefe,married,white,F,715 Sipes Fort Suite 53,Boston,"Hydrochlorothiazide 25 MG Oral Tablet, Vitamin B 12 5 MG/ML Injectable Solution, Acetaminophen 325 MG Oral Tablet, Phenazopyridine hydrochloride 100 MG Oral Tablet, NITROFURANTOIN  MACROCRYSTALS 50 MG Oral Capsule, Nitrofurantoin 5 MG/ML Oral Suspension, 24 HR Metformin hydrochloride 500 MG Extended Release Oral Tablet","Escherichia coli urinary tract infection, Diabetes, Hypertension, Acute bronchitis (disorder)",
496,e976b84c-d166-c32d-2f8f-152ad6b5e3af,57,999-71-3367,Van,Zieme,married,white,M,344 Gerlach Route Apt 77,Saugus,"Naproxen sodium 220 MG Oral Tablet, Acetaminophen 21.7 MG/ML / Dextromethorphan Hydrobromide 1 MG/ML / doxylamine succinate 0.417 MG/ML Oral Solution, Acetaminophen 325 MG / oxyCODONE Hydrochloride 5 MG Oral Tablet, Penicillin V Potassium 500 MG Oral Tablet, Amoxicillin 250 MG / Clavulanate 125 MG Oral Tablet, Acetaminophen 325 MG Oral Tablet, insulin human  isophane 70 UNT/ML / Regular Insulin  Human 30 UNT/ML Injectable Suspension [Humulin], Acetaminophen 325 MG / Oxycodone Hydrochloride 10 MG Oral Tablet [Percocet], lisinopril 10 MG Oral Tablet","Streptococcal sore throat (disorder), Viral sinusitis (disorder), Hypertension, Diabetes, Acute bronchitis (disorder)",
497,cb6e8532-cd9a-0e39-48cd-c97b37cad662,31,999-34-9481,Ronny,Klein,unknown,asian,M,966 Pacocha Harbor Apt 68,Boston,"Acetaminophen 325 MG Oral Tablet, Acetaminophen 325 MG Oral Tablet [Tylenol]",,
498,3248ffc6-0867-0684-6309-c5ec2cba48ee,51,999-15-8337,Salvador,Ozuna,married,white,M,995 Abernathy Harbor Unit 65,Taunton,"24 HR Metformin hydrochloride 500 MG Extended Release Oral Tablet, insulin human  isophane 70 UNT/ML / Regular Insulin  Human 30 UNT/ML Injectable Suspension [Humulin], Ibuprofen 200 MG Oral Tablet",Diabetes,
499,731ddb1c-4c88-f6f1-3c54-e5fc5bb4c23d,64,999-55-9263,Jolanda,Hyatt,married,white,F,546 Block Village,Lawrence,"lisinopril 20 MG Oral Tablet, amLODIPine 2.5 MG Oral Tablet, sacubitril 97 MG / valsartan 103 MG Oral Tablet, Hydrochlorothiazide 25 MG Oral Tablet, Furosemide 40 MG Oral Tablet, Vitamin B 12 5 MG/ML Injectable Solution, Acetaminophen 325 MG Oral Tablet, carvedilol 25 MG Oral Tablet, losartan potassium 50 MG Oral Tablet, lisinopril 10 MG Oral Tablet","Acute bronchitis (disorder), Chronic congestive heart failure (disorder), Hypertension",
500,a2ac2a39-b1eb-a338-3aca-7598d56e4501,24,999-23-4793,Lin,Powlowski,unknown,white,F,137 Mosciski Promenade Unit 97,Quincy,"Penicillin V Potassium 250 MG Oral Tablet, Ibuprofen 100 MG Oral Tablet, Acetaminophen 325 MG Oral Tablet, Acetaminophen 160 MG Chewable Tablet, Yaz 28 Day Pack, Seasonique 91 Day Pack",Streptococcal sore throat (disorder),
501,0354da61-b0c8-3469-d3f6-c2fd0f508b7a,51,999-56-5795,Scarlett,Breitenberg,single,asian,F,383 Kozey Drive,Arlington,"NuvaRing 0.12/0.015 MG per 24HR 21 Day Vaginal Ring, Acetaminophen 325 MG / oxyCODONE Hydrochloride 5 MG Oral Tablet, Ibuprofen 200 MG Oral Tablet, amLODIPine 2.5 MG Oral Tablet, Liletta 52 MG Intrauterine System, Hydrochlorothiazide 25 MG Oral Tablet, Acetaminophen 325 MG Oral Tablet, Seasonique 91 Day Pack, Etonogestrel 68 MG Drug Implant, lisinopril 10 MG Oral Tablet","Acute bronchitis (disorder), Hypertension",
502,3b7ccd6e-f331-abc9-a498-a16280c3ee10,47,999-58-9832,Sanjuana,Ritchie,married,white,F,1048 Wyman Center Unit 36,Peabody,"NuvaRing 0.12/0.015 MG per 24HR 21 Day Vaginal Ring, Liletta 52 MG Intrauterine System, Amoxicillin 250 MG / Clavulanate 125 MG Oral Tablet, Penicillin V Potassium 500 MG Oral Tablet, 1 ML medroxyprogesterone acetate 150 MG/ML Injection, Levora 0.15/30 28 Day Pack, Etonogestrel 68 MG Drug Implant","Viral sinusitis (disorder), Streptococcal sore throat (disorder)",
503,30806a79-c973-cf34-8b67-745d9ef038d8,69,999-86-6692,Xiomara,Sporer,married,white,F,868 Satterfield Corner Suite 59,Lynn,"Sodium Chloride 9 MG/ML Injectable Solution, Acetaminophen 325 MG / oxyCODONE Hydrochloride 5 MG Oral Tablet, Midazolam 1 MG/ML Injectable Solution, 1 ML heparin sodium  porcine 5000 UNT/ML Injection, 1 ML Morphine Sulfate 5 MG/ML Injection, 100 ML Propofol 10 MG/ML Injection, Rocuronium bromide 10 MG/ML Injectable Solution, 5 ML SUFentanil 0.05 MG/ML Injection, Simvastatin 10 MG Oral Tablet, Isoflurane 999 MG/ML Inhalant Solution, Piperacillin 4000 MG / tazobactam 500 MG Injection, 2 ML Ondansetron 2 MG/ML Injection",Hyperlipidemia,
504,b9a2dccd-6eb0-0014-bc92-527b5dde701d,49,999-57-2496,Trista,Kertzmann,married,white,F,858 Durgan Gate,Northborough,"1 ML medroxyPROGESTERone acetate 150 MG/ML Injection, Errin 28 Day Pack, Vitamin B 12 5 MG/ML Injectable Solution, Acetaminophen 325 MG Oral Tablet, Yaz 28 Day Pack, Kyleena 19.5 MG Intrauterine System, Mirena 52 MG Intrauterine System",Acute bronchitis (disorder),
505,38d4ec1b-e8fe-ee81-0634-4d0ac7dc140f,60,999-51-8712,Maribel,Haley,married,white,F,260 McLaughlin Parade Suite 92,Mansfield Center,"Jolivette 28 Day Pack, Natazia 28 Day Pack, Ibuprofen 200 MG Oral Tablet, Meperidine Hydrochloride 50 MG Oral Tablet, Mirena 52 MG Intrauterine System, Acetaminophen 300 MG / Hydrocodone Bitartrate 5 MG Oral Tablet, Ibuprofen 400 MG Oral Tablet [Ibu]",,
506,5ac6dd24-2c5c-0ac0-91f2-7c10348c139a,67,999-67-7298,Denis,Abshire,married,white,M,234 Gottlieb Wynd Apt 59,South Amherst,"Amlodipine 5 MG Oral Tablet, Simvastatin 20 MG Oral Tablet, Nitroglycerin 0.4 MG/ACTUAT Mucosal Spray, Clopidogrel 75 MG Oral Tablet",,
507,e9bb3dbd-e1ea-cff0-0646-71d64be48193,36,999-70-4964,Helga,Abshire,married,white,F,771 Hartmann Rapid Unit 59,Hingham,"Trinessa 28 Day Pack, NuvaRing 0.12/0.015 MG per 24HR 21 Day Vaginal Ring, Ibuprofen 200 MG Oral Tablet, Mirena 52 MG Intrauterine System",,
508,f42c7ebb-76cb-c999-e713-73169d94ccce,24,999-10-9710,Kiyoko,Reilly,unknown,white,F,236 Crist Brook,Westfield,"Jolivette 28 Day Pack, Amoxicillin 250 MG / Clavulanate 125 MG Oral Tablet, Acetaminophen 325 MG Oral Tablet, Camila 28 Day Pack, 1 ML medroxyprogesterone acetate 150 MG/ML Injection",Viral sinusitis (disorder),
509,3fda13ae-c868-c505-10ee-3f6d4b694b84,6,999-23-5202,Nelida,Jacobi,unknown,white,F,501 Donnelly Mall,Scituate,"Acetaminophen 160 MG Chewable Tablet, Cefuroxime 250 MG Oral Tablet",,
510,ca063a61-6723-6d9c-b0b8-8bf1c7308b20,75,999-14-4317,Britt,Sanford,married,white,F,266 Stroman Loaf,Boston,"Acetaminophen 325 MG Oral Tablet, Alendronic acid 10 MG Oral Tablet, Levothyroxine Sodium 0.075 MG Oral Tablet",Acute bronchitis (disorder),
511,ff59238a-9508-b0e5-39f4-0d4afcbe6f43,21,999-32-7169,Keven,Botsford,unknown,white,M,914 Purdy Promenade Suite 6,Quincy,"Acetaminophen 160 MG Chewable Tablet, Loratadine 5 MG Chewable Tablet, Methylphenidate Hydrochloride 20 MG Oral Tablet, NDA020800 0.3 ML Epinephrine 1 MG/ML Auto-Injector",Child attention deficit disorder,"Mold , Grass pollen , House dust mite , Animal dander , Tree pollen "
512,bfe5fb30-e78a-abb8-a83a-788816ae9fe4,11,999-76-6827,Shelby,Muller,unknown,black,M,860 Boyer Underpass,Boston,"Ibuprofen 100 MG Oral Tablet, Acetaminophen 160 MG Chewable Tablet, Amoxicillin 500 MG Oral Tablet, Cefuroxime 250 MG Oral Tablet",,
513,20a75f26-b297-4120-72e6-602ee5e9f4e4,34,999-29-4643,Leif,Rath,married,hawaiian,M,526 Reinger Club Apt 95,Boston,"NDA020800 0.3 ML Epinephrine 1 MG/ML Auto-Injector, Acetaminophen 500 MG Oral Tablet, 0.4 ML Enoxaparin sodium 100 MG/ML Prefilled Syringe, Hydrochlorothiazide 25 MG Oral Tablet, Acetaminophen 325 MG Oral Tablet, Loratadine 5 MG Chewable Tablet, lisinopril 10 MG Oral Tablet",Hypertension,"Mold , Wheat , Peanut , Grass pollen , Aspirin, Shellfish , Fish , Cow's milk , House dust mite , Animal dander , Bee venom , Tree nut "
514,25e2030b-e0c7-3b91-d434-57693cb72659,78,999-83-4577,Ethelene,Reilly,single,white,F,459 Walsh Estate,Quincy,"Hydrochlorothiazide 25 MG Oral Tablet, Naproxen sodium 220 MG Oral Tablet, Simvastatin 10 MG Oral Tablet, lisinopril 10 MG Oral Tablet","Osteoarthritis of knee, Hypertension, Hyperlipidemia",
515,98120f78-9add-614d-d23f-1a600e4426e9,33,999-78-9056,Wm,Fahey,married,asian,M,948 Wilkinson Passage Suite 64,Worcester,"Abuse-Deterrent 12 HR Oxycodone Hydrochloride 10 MG Extended Release Oral Tablet [Oxycontin], Acetaminophen 325 MG / Oxycodone Hydrochloride 10 MG Oral Tablet [Percocet]",,
516,bebfd4c4-1fcb-6cf4-5488-29c7b456089c,25,999-65-1971,Mabelle,Nienow,unknown,other,F,1058 Leannon Promenade,Southwick,"Natazia 28 Day Pack, NDA020800 0.3 ML Epinephrine 1 MG/ML Auto-Injector, Trinessa 28 Day Pack, Fexofenadine hydrochloride 30 MG Oral Tablet",,"Mold , Shellfish "
517,916fc065-f5a1-219f-42c2-13066c4e20eb,14,999-27-2538,Betsy,Morissette,unknown,white,F,351 Ferry Street Suite 24,Lynn,"Ibuprofen 100 MG Oral Tablet, Amoxicillin 250 MG / Clavulanate 125 MG Oral Tablet, Acetaminophen 325 MG Oral Tablet, Acetaminophen 160 MG Chewable Tablet, Acetaminophen 21.7 MG/ML / Dextromethorphan Hydrobromide 1 MG/ML / doxylamine succinate 0.417 MG/ML Oral Solution, Amoxicillin 500 MG Oral Tablet","Viral sinusitis (disorder), Acute bronchitis (disorder)",
518,d4dd09e5-8eae-7136-407c-df2715f2643b,46,999-30-9113,Shemeka,Kertzmann,single,white,F,443 Kulas Ferry Apt 28,Fitchburg,"Ibuprofen 200 MG Oral Tablet, Trinessa 28 Day Pack, Camila 28 Day Pack, 1 ML medroxyprogesterone acetate 150 MG/ML Injection, Levora 0.15/30 28 Day Pack, Seasonique 91 Day Pack, Mirena 52 MG Intrauterine System",,
519,ed45e2f4-8d33-22c1-9dcc-979f2c801297,26,999-61-1839,Jorge,Boyer,unknown,white,M,130 Leffler Throughway Suite 13,Boston,"Naproxen sodium 220 MG Oral Tablet, NDA020800 0.3 ML Epinephrine 1 MG/ML Auto-Injector, atomoxetine 100 MG Oral Capsule, Acetaminophen 325 MG Oral Tablet, Acetaminophen 21.7 MG/ML / Dextromethorphan Hydrobromide 1 MG/ML / doxylamine succinate 0.417 MG/ML Oral Solution, Loratadine 5 MG Chewable Tablet","Child attention deficit disorder, Acute bronchitis (disorder)","Grass pollen , Tree nut "
520,9b02c15f-b00b-9618-929a-be6e432bd191,96,999-88-4257,Ligia,Becker,married,black,F,980 Reichel Plaza Unit 32,Boston,"Simvastatin 10 MG Oral Tablet, Alendronic acid 10 MG Oral Tablet, Levothyroxine Sodium 0.075 MG Oral Tablet, Acetaminophen 325 MG Oral Tablet","Acute bronchitis (disorder), Hyperlipidemia",
521,7d92a965-b73e-fdd6-acd0-7b97a62d96f7,32,999-63-8792,Lou,Dickinson,married,white,M,407 Frami Frontage road,Beverly,Acetaminophen 21.7 MG/ML / Dextromethorphan Hydrobromide 1 MG/ML / doxylamine succinate 0.417 MG/ML Oral Solution,Acute bronchitis (disorder),
522,f9aa1bd1-6273-2f88-c9c3-39f7b9c0c270,58,999-22-3672,Macy,Stroman,married,black,F,437 Lebsack Trace,Dartmouth,"Naproxen sodium 220 MG Oral Tablet, Tamoxifen 10 MG Oral Tablet, 10 ML Doxorubicin Hydrochloride 2 MG/ML Injection, Verzenio 100 MG Oral Tablet",Malignant neoplasm of breast (disorder),
523,5a0b111e-9440-a534-f2b9-12c100d89868,53,999-48-3383,Robbin,Green,married,white,F,296 Durgan Plaza Apt 94,Medford,"Jolivette 28 Day Pack, Natazia 28 Day Pack, Ibuprofen 200 MG Oral Tablet, Trinessa 28 Day Pack, Yaz 28 Day Pack, Levora 0.15/30 28 Day Pack, Phenazopyridine hydrochloride 100 MG Oral Tablet, Etonogestrel 68 MG Drug Implant, Nitrofurantoin 5 MG/ML Oral Suspension",Cystitis,
524,b48ab7a7-cdd4-7604-c9e3-9a873e905359,88,999-57-8621,Vaughn,Crooks,married,white,M,478 Miller Bridge Apt 0,Haverhill,"Naproxen sodium 220 MG Oral Tablet, amLODIPine 2.5 MG Oral Tablet, Meperidine Hydrochloride 50 MG Oral Tablet, Amoxicillin 250 MG / Clavulanate 125 MG Oral Tablet, Hydrochlorothiazide 25 MG Oral Tablet, lisinopril 10 MG Oral Tablet","Viral sinusitis (disorder), Hypertension",
525,46a347db-536c-5074-ab87-66802ca5395b,8,999-14-6917,Shona,Swift,unknown,white,F,617 Lubowitz Stravenue Unit 37,Malden,Ibuprofen 100 MG Oral Tablet,,
526,db827d6a-d1c7-cd51-9b86-626ab88d58da,16,999-52-5183,Donny,Howe,unknown,black,M,235 Ullrich Trace Apt 91,Seekonk,"Ibuprofen 100 MG Oral Tablet, Acetaminophen 160 MG Chewable Tablet, Amoxicillin 500 MG Oral Tablet, Methylphenidate Hydrochloride 20 MG Oral Tablet",Child attention deficit disorder,
527,27ee3743-45c8-dbad-f3b3-1a49a39e8b83,85,999-79-2859,Marcelo,Kub,married,white,M,707 Kassulke Mill Suite 54,Spencer,"24hr nicotine transdermal patch, Naproxen sodium 220 MG Oral Tablet, ferrous sulfate 325 MG Oral Tablet, 0.25 ML Leuprolide Acetate 30 MG/ML Prefilled Syringe, 1 ML DOCEtaxel 20 MG/ML Injection, Hydrochlorothiazide 25 MG Oral Tablet, Acetaminophen 325 MG Oral Tablet, insulin human  isophane 70 UNT/ML / Regular Insulin  Human 30 UNT/ML Injectable Suspension [Humulin], Simvastatin 10 MG Oral Tablet, 24 HR Metformin hydrochloride 500 MG Extended Release Oral Tablet","Osteoarthritis of hip, Diabetes, Hypertension, Hyperlipidemia",
528,62857336-4176-3277-206d-58ba274aed30,63,999-52-1703,Gerardo,Herman,married,white,M,635 Becker Course,Shrewsbury,"Amoxicillin 250 MG / Clavulanate 125 MG Oral Tablet, ferrous sulfate 325 MG Oral Tablet, Ibuprofen 200 MG Oral Tablet",Viral sinusitis (disorder),
529,6631206a-710c-945b-a5a3-e71390a411f8,66,999-30-6978,Andre,Grant,married,white,M,1066 Zemlak Light,Newton,"Naproxen sodium 220 MG Oral Tablet, lisinopril 10 MG Oral Tablet, Penicillin V Potassium 500 MG Oral Tablet, Hydrochlorothiazide 25 MG Oral Tablet, Acetaminophen 325 MG Oral Tablet, Levothyroxine Sodium 0.075 MG Oral Tablet, Acetaminophen 300 MG / Hydrocodone Bitartrate 5 MG Oral Tablet, Acetaminophen 325 MG Oral Tablet [Tylenol]","Streptococcal sore throat (disorder), Osteoarthritis of knee, Hypertension",Wheat 
530,8adb0f0b-979c-f354-4afe-93335d71af3a,51,999-66-9877,Juana,Duarte,married,white,F,677 Gaylord Divide Apt 82,Boston,"Jolivette 28 Day Pack, piperacillin 2000 MG / tazobactam 250 MG Injection, NuvaRing 0.12/0.015 MG per 24HR 21 Day Vaginal Ring, 168 HR Ethinyl Estradiol 0.00146 MG/HR / norelgestromin 0.00625 MG/HR Transdermal System, 150 ML vancomycin 5 MG/ML Injection, Errin 28 Day Pack, 4 ML norepinephrine 1 MG/ML Injection, 1 ML medroxyprogesterone acetate 150 MG/ML Injection, Mirena 52 MG Intrauterine System","Sepsis (disorder), Septic shock (disorder)",
531,2af3a46e-757d-0544-452c-1231039f4a6b,62,999-20-1427,Kenton,Strosin,married,asian,M,959 Fisher Frontage road,Everett,"lisinopril 10 MG Oral Tablet, amLODIPine 2.5 MG Oral Tablet, Amoxicillin 250 MG / Clavulanate 125 MG Oral Tablet, 72 HR Fentanyl 0.025 MG/HR Transdermal System, Simvastatin 10 MG Oral Tablet, 24 HR Metformin hydrochloride 500 MG Extended Release Oral Tablet, Acetaminophen 300 MG / Hydrocodone Bitartrate 5 MG Oral Tablet, tramadol hydrochloride 50 MG Oral Tablet","Viral sinusitis (disorder), Diabetes, Hypertension, Hyperlipidemia",
532,6493c2c4-8139-16da-0a7e-39cf37bc3b2f,23,999-76-1295,Filomena,Miller,unknown,white,F,485 Konopelski Bridge,Reading,"Etonogestrel 68 MG Drug Implant, Natazia 28 Day Pack, Seasonique 91 Day Pack",,
533,1f10b0a5-575f-fde2-c602-f65c014c6bf7,54,999-30-5743,Monroe,Streich,married,white,M,695 Breitenberg Orchard,Boston,"Naproxen sodium 220 MG Oral Tablet, Chlorpheniramine Maleate 2 MG/ML Oral Solution, Amoxicillin 250 MG / Clavulanate 125 MG Oral Tablet, Acetaminophen 325 MG Oral Tablet, clonazePAM 0.25 MG Oral Tablet, Simvastatin 10 MG Oral Tablet, Acetaminophen 21.7 MG/ML / Dextromethorphan Hydrobromide 1 MG/ML / doxylamine succinate 0.417 MG/ML Oral Solution","Viral sinusitis (disorder), Acute bronchitis (disorder), Hyperlipidemia",
534,1f6ca3a4-3383-37f6-45d3-bfe282c43b10,14,999-62-1439,Roseanna,Mayer,unknown,white,F,927 Prohaska Fork,Boston,"Acetaminophen 325 MG Oral Tablet, Acetaminophen 160 MG Chewable Tablet, Penicillin V Potassium 250 MG Oral Tablet","Streptococcal sore throat (disorder), Acute bronchitis (disorder)",
535,36a83b79-3f28-57dc-b0cc-6dccdcb2c2b0,25,999-50-3118,Asuncion,Heidenreich,unknown,white,F,287 Halvorson Ranch Unit 86,Somerville,"Hydrochlorothiazide 25 MG Oral Tablet, Naproxen sodium 220 MG Oral Tablet, Yaz 28 Day Pack",Hypertension,
536,49103abc-8e28-03bd-deb0-bca5082e23ba,46,999-96-1503,Moon,Ledner,single,white,F,973 Nicolas Heights,Fall River,"Jolivette 28 Day Pack, NuvaRing 0.12/0.015 MG per 24HR 21 Day Vaginal Ring, Acetaminophen 325 MG Oral Tablet, Levora 0.15/30 28 Day Pack, Seasonique 91 Day Pack, Acetaminophen 21.7 MG/ML / Dextromethorphan Hydrobromide 1 MG/ML / doxylamine succinate 0.417 MG/ML Oral Solution, Acetaminophen 325 MG Oral Tablet [Tylenol]",Acute bronchitis (disorder),
537,a38b1195-9818-4286-ab60-96234d78c2b9,65,999-99-9159,Isaiah,Christiansen,married,white,M,950 Quitzon Parade Suite 4,Boston,Penicillin V Potassium 500 MG Oral Tablet,Streptococcal sore throat (disorder),
538,00c9ca99-6b9f-add4-8759-f7dfee6ea1a4,59,999-88-1607,Keisha,Kilback,married,white,F,386 Blick Tunnel Suite 4,Fitchburg,"Jolivette 28 Day Pack, Naproxen sodium 220 MG Oral Tablet, Errin 28 Day Pack, Acetaminophen 325 MG Oral Tablet, Camila 28 Day Pack, 1 ML medroxyprogesterone acetate 150 MG/ML Injection, Simvastatin 10 MG Oral Tablet","Acute bronchitis (disorder), Hyperlipidemia",
539,7bbf12a9-8dd5-356c-175f-4c29bddba047,48,999-52-4512,Sondra,Robel,married,white,F,151 Dare Drive Suite 60,Lowell,"Jolivette 28 Day Pack, Natazia 28 Day Pack, NuvaRing 0.12/0.015 MG per 24HR 21 Day Vaginal Ring, amLODIPine 2.5 MG Oral Tablet, Penicillin V Potassium 500 MG Oral Tablet, Hydrochlorothiazide 25 MG Oral Tablet, Acetaminophen 325 MG Oral Tablet, Camila 28 Day Pack, 1 ML medroxyprogesterone acetate 150 MG/ML Injection, Etonogestrel 68 MG Drug Implant, 24 HR Metformin hydrochloride 500 MG Extended Release Oral Tablet, lisinopril 10 MG Oral Tablet","Acute bronchitis (disorder), Streptococcal sore throat (disorder), Diabetes, Hypertension",
540,579dc752-5705-6967-db68-1e20800a1661,10,999-23-3974,Chanell,Skiles,unknown,white,F,729 Weber Ramp Unit 63,Adams,"Ibuprofen 100 MG Oral Tablet, NDA020503 200 ACTUAT Albuterol 0.09 MG/ACTUAT Metered Dose Inhaler, Acetaminophen 160 MG Chewable Tablet, 120 ACTUAT Fluticasone propionate 0.044 MG/ACTUAT Metered Dose Inhaler, Amoxicillin 500 MG Oral Tablet",Childhood asthma,
541,e133001b-40ea-e5c8-d1da-9bdcd829776d,76,999-29-2572,Kirk,Gaylord,married,white,M,846 Jacobson Drive,Salem,"Naproxen sodium 220 MG Oral Tablet, losartan potassium 25 MG Oral Tablet, 0.25 ML Leuprolide Acetate 30 MG/ML Prefilled Syringe, 1 ML DOCEtaxel 20 MG/ML Injection, Hydrochlorothiazide 25 MG Oral Tablet, Acetaminophen 300 MG / Hydrocodone Bitartrate 5 MG Oral Tablet, Acetaminophen 325 MG Oral Tablet [Tylenol]",Hypertension,"Lisinopril, Shellfish "
542,411b4d1d-dd68-1a09-7d8a-7d1f0e7a3d7c,36,999-36-9442,Nanci,Kreiger,single,hawaiian,F,328 Hartmann Ferry Suite 1,Methuen,"Hydrochlorothiazide 25 MG Oral Tablet, Camila 28 Day Pack, Jolivette 28 Day Pack, 1 ML medroxyprogesterone acetate 150 MG/ML Injection",Hypertension,
543,4a4fd874-cf7c-d4f5-07a1-77b844d97c5f,28,999-82-8090,Lynsey,Rath,unknown,white,F,882 Roob Track,Lancaster,"Naproxen sodium 220 MG Oral Tablet, NuvaRing 0.12/0.015 MG per 24HR 21 Day Vaginal Ring, Ibuprofen 200 MG Oral Tablet, 1 ML medroxyPROGESTERone acetate 150 MG/ML Injection, 1 ML medroxyprogesterone acetate 150 MG/ML Injection",,
544,1e2bd11c-6949-0dba-c7b3-890aa0023fde,30,999-70-5278,Randa,Nader,unknown,white,F,909 Heathcote Terrace Unit 87,North Adams,"Jolivette 28 Day Pack, Natazia 28 Day Pack, NuvaRing 0.12/0.015 MG per 24HR 21 Day Vaginal Ring, Trinessa 28 Day Pack, Amoxicillin 250 MG / Clavulanate 125 MG Oral Tablet, Levora 0.15/30 28 Day Pack, Seasonique 91 Day Pack, Acetaminophen 325 MG Oral Tablet [Tylenol]",Viral sinusitis (disorder),
545,baaa597d-06af-67c9-837c-620f96157c3b,24,999-32-7156,Alva,Conn,unknown,white,F,898 Heidenreich Promenade Unit 61,Greenfield,"168 HR Ethinyl Estradiol 0.00146 MG/HR / norelgestromin 0.00625 MG/HR Transdermal System, Trinessa 28 Day Pack",,
546,e2826a33-214c-e2c9-d2a3-1a14203ff1b5,52,999-22-6207,Esteban,Mitchell,married,native,M,560 Douglas Ferry Suite 17,Lawrence,"Naproxen sodium 220 MG Oral Tablet, Amoxicillin 250 MG / Clavulanate 125 MG Oral Tablet, lisinopril 10 MG Oral Tablet","Acute bacterial sinusitis (disorder), Osteoarthritis of hip, Hypertension",
547,33edcda2-4853-abe6-9e2b-5a40279cd50b,11,999-15-9126,Rex,Bailey,unknown,white,M,283 Mann Byway Suite 87,Springfield,"Ibuprofen 100 MG Oral Tablet, Penicillin V Potassium 250 MG Oral Tablet",Streptococcal sore throat (disorder),
548,ef82862b-c0f8-7440-2dcb-4d7137349f0d,37,999-42-8417,Melodie,Cormier,single,white,F,161 Aufderhar Meadow,South Dennis,"Levora 0.15/30 28 Day Pack, NITROFURANTOIN  MACROCRYSTALS 50 MG Oral Capsule, Mirena 52 MG Intrauterine System, Jolivette 28 Day Pack, Simvastatin 20 MG Oral Tablet, Hydrocortisone 10 MG/ML Topical Cream, cetirizine hydrochloride 10 MG Oral Tablet, Clopidogrel 75 MG Oral Tablet, NuvaRing 0.12/0.015 MG per 24HR 21 Day Vaginal Ring, Acetaminophen 325 MG / oxyCODONE Hydrochloride 5 MG Oral Tablet, Amlodipine 5 MG Oral Tablet, Trinessa 28 Day Pack, Nitroglycerin 0.4 MG/ACTUAT Mucosal Spray, Acetaminophen 325 MG Oral Tablet, Etonogestrel 68 MG Drug Implant, Nitrofurantoin 5 MG/ML Oral Suspension, NDA020800 0.3 ML Epinephrine 1 MG/ML Auto-Injector, Amoxicillin 250 MG Oral Capsule, Vitamin B 12 5 MG/ML Injectable Solution, Phenazopyridine hydrochloride 100 MG Oral Tablet","Escherichia coli urinary tract infection, Contact dermatitis",Tree pollen 
549,c07fdd29-a5c1-6e59-32f4-ce41a4633cd5,82,999-41-8137,Bee,Macejkovic,married,white,F,161 Mitchell Ferry Suite 80,Whitman,"diphenhydrAMINE Hydrochloride 25 MG Oral Tablet, Acetaminophen 325 MG / oxyCODONE Hydrochloride 5 MG Oral Tablet, Ibuprofen 200 MG Oral Tablet, amLODIPine 2.5 MG Oral Tablet, Abuse-Deterrent 12 HR Oxycodone Hydrochloride 15 MG Extended Release Oral Tablet, 60 ACTUAT Fluticasone propionate 0.25 MG/ACTUAT / salmeterol 0.05 MG/ACTUAT Dry Powder Inhaler, Acetaminophen 325 MG Oral Tablet, Simvastatin 10 MG Oral Tablet, lisinopril 10 MG Oral Tablet","Pulmonary emphysema (disorder), Acute bronchitis (disorder), Hypertension, Hyperlipidemia","Mold , Peanut , Grass pollen , Latex , House dust mite , Animal dander , Tree pollen "
550,420b3566-8788-f95c-0401-f317a9b445e5,43,999-19-2975,Andres,Hintz,married,white,M,784 Rice Esplanade,Newton,"Hydrocortisone 10 MG/ML Topical Cream, Acetaminophen 325 MG / oxyCODONE Hydrochloride 5 MG Oral Tablet, NDA020800 0.3 ML Epinephrine 1 MG/ML Auto-Injector, Penicillin V Potassium 500 MG Oral Tablet, Fexofenadine hydrochloride 60 MG Oral Tablet, Acetaminophen 325 MG Oral Tablet","Contact dermatitis, Streptococcal sore throat (disorder)",Animal dander 
551,8baeb614-ce03-cedf-2694-92b70f894886,12,999-46-3147,Emilie,Kozey,unknown,white,F,128 Schmitt Manor,Fall River,"Penicillin V Potassium 250 MG Oral Tablet, NDA020800 0.3 ML Epinephrine 1 MG/ML Auto-Injector, Ibuprofen 100 MG Oral Tablet, Amoxicillin 250 MG / Clavulanate 125 MG Oral Tablet, Loratadine 5 MG Chewable Tablet","Viral sinusitis (disorder), Streptococcal sore throat (disorder), Acute viral pharyngitis (disorder)","Mold , Wheat "
552,1094e290-28ca-61c8-f170-59648b11b32e,68,999-16-6851,Shena,Larkin,married,white,F,647 Schimmel Boulevard Suite 10,Salem,"Acetaminophen 325 MG Oral Tablet, Naproxen sodium 220 MG Oral Tablet",,
553,bd08fe07-215b-69e4-43d1-24d8326ae686,32,999-56-9038,Christia,Ritchie,married,white,F,529 Reynolds Glen,East Dennis,"Natazia 28 Day Pack, NDA020800 0.3 ML Epinephrine 1 MG/ML Auto-Injector, Ibuprofen 200 MG Oral Tablet, 168 HR Ethinyl Estradiol 0.00146 MG/HR / norelgestromin 0.00625 MG/HR Transdermal System, Trinessa 28 Day Pack, Levora 0.15/30 28 Day Pack, Fexofenadine hydrochloride 30 MG Oral Tablet, Acetaminophen 21.7 MG/ML / Dextromethorphan Hydrobromide 1 MG/ML / doxylamine succinate 0.417 MG/ML Oral Solution",Acute bronchitis (disorder),Mold 
554,c987d011-9807-23da-8487-4d7ce3511a86,55,999-34-4252,Hazel,Sporer,married,white,F,564 Stokes Hollow Suite 51,Arlington,"Jolivette 28 Day Pack, Chlorpheniramine Maleate 2 MG/ML Oral Solution, Amoxicillin 250 MG / Clavulanate 125 MG Oral Tablet, Errin 28 Day Pack, Acetaminophen 325 MG Oral Tablet, Etonogestrel 68 MG Drug Implant","Sinusitis (disorder), Acute bronchitis (disorder)",Latex 
555,1f276bd6-37f3-f5e8-5f02-6118235e2988,15,999-46-4444,Kori,Gleichner,unknown,white,F,529 Legros Hollow Unit 65,Upton,"cetirizine hydrochloride 5 MG Oral Tablet, NDA020800 0.3 ML Epinephrine 1 MG/ML Auto-Injector, Ibuprofen 100 MG Oral Tablet, NDA020503 200 ACTUAT Albuterol 0.09 MG/ACTUAT Metered Dose Inhaler, Acetaminophen 160 MG Chewable Tablet, 120 ACTUAT Fluticasone propionate 0.044 MG/ACTUAT Metered Dose Inhaler, Amoxicillin 500 MG Oral Tablet, Azithromycin 250 MG Oral Capsule",Childhood asthma,"Mold , Grass pollen , Aspirin, Penicillin V, Lisinopril, Latex , House dust mite , Animal dander , Tree pollen "
556,db0ba46f-9b5e-63cd-cbe4-3c0ea82abbdf,65,999-62-5005,Emerita,Jones,single,white,F,156 Carroll Neck,Springfield,"Hydrochlorothiazide 25 MG Oral Tablet, Simvastatin 10 MG Oral Tablet","Hypertension, Hyperlipidemia",
557,3d60584c-574a-16e0-ef8f-c8a7315878e9,47,999-83-7517,Carmelina,Morissette,married,white,F,734 Muller Neck Unit 52,Malden,"Acetaminophen 325 MG Oral Tablet, Naproxen sodium 220 MG Oral Tablet",Acute bronchitis (disorder),
558,a8b166c9-23da-d720-b0e1-296944f432dc,58,999-51-8763,Shirlene,Pfeffer,married,white,F,510 Sawayn Gateway,Chicopee,"ferrous sulfate 325 MG Oral Tablet, Hydrochlorothiazide 25 MG Oral Tablet, Acetaminophen 325 MG Oral Tablet, insulin human  isophane 70 UNT/ML / Regular Insulin  Human 30 UNT/ML Injectable Suspension [Humulin], Phenazopyridine hydrochloride 100 MG Oral Tablet, Simvastatin 10 MG Oral Tablet, Nitrofurantoin 5 MG/ML Oral Suspension, 24 HR Metformin hydrochloride 500 MG Extended Release Oral Tablet","Escherichia coli urinary tract infection, Diabetes, Hypertension, Hyperlipidemia",Fish 
559,819e4007-79c5-5d6c-5db7-7889c1aa0ec3,70,999-95-6746,Alycia,Muller,married,white,F,909 Fay Path,Montague,"Naproxen sodium 220 MG Oral Tablet, amLODIPine 2.5 MG Oral Tablet, Hydrochlorothiazide 25 MG Oral Tablet, Acetaminophen 325 MG Oral Tablet, Simvastatin 10 MG Oral Tablet, lisinopril 10 MG Oral Tablet","Localized  primary osteoarthritis of the hand, Acute bronchitis (disorder), Hypertension, Hyperlipidemia",
560,3436e704-73e4-11da-241d-7adeccd97a0d,73,999-69-5611,Art,Lesch,single,black,M,295 Cormier Trailer,Revere,"Simvastatin 10 MG Oral Tablet, Amoxicillin 250 MG / Clavulanate 125 MG Oral Tablet, Acetaminophen 325 MG Oral Tablet","Viral sinusitis (disorder), Hyperlipidemia",
561,a90e1118-edb5-4c62-e17e-de38e6720cc0,50,999-13-2592,Janiece,White,married,white,F,880 Kemmer Path,Lowell,"NDA020503 200 ACTUAT Albuterol 0.09 MG/ACTUAT Metered Dose Inhaler, 120 ACTUAT Fluticasone propionate 0.044 MG/ACTUAT Metered Dose Inhaler",Childhood asthma,
562,989f497b-48d4-50e7-2df2-9b583f0ceebc,43,999-89-9511,Marjory,Beatty,married,white,F,463 Nader Walk,Boston,"Etonogestrel 68 MG Drug Implant, 1 ML medroxyprogesterone acetate 150 MG/ML Injection, Seasonique 91 Day Pack, Mirena 52 MG Intrauterine System, Acetaminophen 325 MG Oral Tablet [Tylenol]",,
563,68f34b8e-efce-ce3e-836d-a815503c7b56,19,999-28-3330,Ana,Bonilla,unknown,white,F,733 Ward Arcade Unit 36,Dracut,"Penicillin V Potassium 250 MG Oral Tablet, Acetaminophen 325 MG Oral Tablet, Acetaminophen 325 MG / HYDROcodone Bitartrate 7.5 MG Oral Tablet, Ibuprofen 100 MG Oral Tablet","Streptococcal sore throat (disorder), Acute bronchitis (disorder)",
564,e259daec-8b59-74a7-a92c-e4451146d6fc,32,999-45-7856,Josue,Ortiz,married,white,M,441 Ward Estate Apt 6,Amesbury,"Penicillin V Potassium 250 MG Oral Tablet, Naproxen sodium 220 MG Oral Tablet, amLODIPine 2.5 MG Oral Tablet, Amoxicillin 250 MG Oral Capsule, Vitamin B 12 5 MG/ML Injectable Solution, buprenorphine 2 MG / naloxone 0.5 MG Sublingual Tablet, lisinopril 10 MG Oral Tablet","Opioid abuse (disorder), Streptococcal sore throat (disorder), Hypertension",
565,da6e1124-d294-58f9-ff16-a0fe6a3f30dd,7,999-93-7104,Shantae,Glover,unknown,white,F,493 Dietrich Avenue,Boston,Acetaminophen 160 MG Chewable Tablet,,
566,d6c850ad-7e48-0c4b-23b9-ef4d6e58773c,40,999-85-9031,Michelle,Haley,married,white,F,239 Osinski Neck Unit 34,Swansea,"Jolivette 28 Day Pack, Ibuprofen 200 MG Oral Tablet, Hydrochlorothiazide 25 MG Oral Tablet, Camila 28 Day Pack, Phenazopyridine hydrochloride 100 MG Oral Tablet, Etonogestrel 68 MG Drug Implant, Mirena 52 MG Intrauterine System, Nitrofurantoin 5 MG/ML Oral Suspension, lisinopril 10 MG Oral Tablet","Hypertension, Cystitis",
567,8003a644-3445-56b0-017a-4480f0d6b348,46,999-82-3674,Porfirio,Ledner,married,white,M,1065 Labadie Trafficway Unit 48,Springfield,"Hydrochlorothiazide 25 MG Oral Tablet, lisinopril 10 MG Oral Tablet, amLODIPine 2.5 MG Oral Tablet",Hypertension,
568,d4e3d6e6-075e-cf60-a092-67c17cb521d1,42,999-64-1091,Irene,Bétancourt,married,white,F,163 Langosh Ramp Suite 62,Malden,"Acetaminophen 325 MG Oral Tablet, Amoxicillin 250 MG / Clavulanate 125 MG Oral Tablet, Levora 0.15/30 28 Day Pack, lisinopril 10 MG Oral Tablet","Acute bronchitis (disorder), Viral sinusitis (disorder), Hypertension",
569,b3700252-f7e3-e8f9-aca4-6a759c52f4b9,7,999-19-3943,Leana,Keeling,unknown,white,F,240 Fisher Tunnel Apt 11,Montague,"Ibuprofen 100 MG Oral Tablet, Amoxicillin 500 MG Oral Tablet",,
570,c1075300-aae7-596d-df5a-c944d763a663,112,999-11-6693,Zachariah,Bergstrom,single,white,M,700 Rohan Course,Lexington,"Naproxen sodium 220 MG Oral Tablet, Acetaminophen 325 MG / oxyCODONE Hydrochloride 5 MG Oral Tablet, Warfarin Sodium 5 MG Oral Tablet, Verapamil Hydrochloride 40 MG, Penicillin V Potassium 500 MG Oral Tablet, Digoxin 0.125 MG Oral Tablet, 0.25 ML Leuprolide Acetate 30 MG/ML Prefilled Syringe, 1 ML DOCEtaxel 20 MG/ML Injection, Acetaminophen 325 MG Oral Tablet","Streptococcal sore throat (disorder), Acute bronchitis (disorder)",
571,2376720a-56ca-5474-3737-32cf783a169c,38,999-71-9781,Man,Howell,married,white,M,572 Von Skyway Suite 67,New Bedford,"Acetaminophen 325 MG Oral Tablet, Hydrocortisone 10 MG/ML Topical Cream, cetirizine hydrochloride 10 MG Oral Tablet, NDA020800 0.3 ML Epinephrine 1 MG/ML Auto-Injector","Contact dermatitis, Acute bronchitis (disorder)",Grass pollen 
572,e4035211-964b-b90f-237d-655426c3aa1f,54,999-43-9739,Dewitt,Hane,married,white,M,461 Lesch Rue Suite 9,Carlisle,"Acetaminophen 325 MG Oral Tablet, Amoxicillin 250 MG / Clavulanate 125 MG Oral Tablet, Carbamazepine[Tegretol]","Viral sinusitis (disorder), Acute bronchitis (disorder)",
573,5bd3bb2e-41f9-18ea-0736-fe3f41f4dbf9,48,999-67-9740,Leonie,Koelpin,married,white,F,312 Mertz Frontage road,Scituate,"Jolivette 28 Day Pack, Astemizole 10 MG Oral Tablet, Trinessa 28 Day Pack, Amoxicillin 250 MG / Clavulanate 125 MG Oral Tablet, NDA020503 200 ACTUAT Albuterol 0.09 MG/ACTUAT Metered Dose Inhaler, Camila 28 Day Pack, Yaz 28 Day Pack, 1 ML medroxyprogesterone acetate 150 MG/ML Injection, 120 ACTUAT Fluticasone propionate 0.044 MG/ACTUAT Metered Dose Inhaler, Etonogestrel 68 MG Drug Implant, Mirena 52 MG Intrauterine System","Viral sinusitis (disorder), Childhood asthma","Mold , Grass pollen , Fish , Eggs  , Latex , House dust mite , Animal dander , Bee venom , Tree pollen "
574,86e983ea-29df-a34a-c0b4-9a171859195f,16,999-67-3570,Raul,DAmore,unknown,white,M,493 Koelpin Vista Apt 26,Attleboro,"Penicillin V Potassium 250 MG Oral Tablet, cetirizine hydrochloride 5 MG Oral Tablet, NDA020800 0.3 ML Epinephrine 1 MG/ML Auto-Injector",Acute viral pharyngitis (disorder),"Mold , Grass pollen , Eggs  , Animal dander , Bee venom , Tree pollen , Tree nut "
575,83c5cc27-48a8-5580-966b-783719fe8f1b,108,999-84-3052,Shirlene,Bergnaum,married,white,F,127 Raynor Byway,Quincy,"Hydrochlorothiazide 25 MG Oral Tablet, lisinopril 10 MG Oral Tablet, amLODIPine 2.5 MG Oral Tablet",Hypertension,
576,745f262a-2510-e98e-524a-72934969372e,35,999-54-7888,Tawna,Gorczany,single,white,F,1076 Ortiz Grove,Chelsea,"Jolivette 28 Day Pack, Acetaminophen 21.7 MG/ML / Dextromethorphan Hydrobromide 1 MG/ML / doxylamine succinate 0.417 MG/ML Oral Solution, NuvaRing 0.12/0.015 MG per 24HR 21 Day Vaginal Ring, amLODIPine 2.5 MG Oral Tablet","Acute bronchitis (disorder), Hypertension",
577,4e97faf9-19b3-5125-8f7d-96758e9d7d46,8,999-86-4945,Soraya,White,unknown,white,F,620 Beahan Mission,West Springfield,"Ibuprofen 100 MG Oral Tablet, Acetaminophen 160 MG Chewable Tablet, Amoxicillin 500 MG Oral Tablet, Cefuroxime 250 MG Oral Tablet",,
578,c57fbe47-ea62-b01f-054d-4088979dc739,6,999-23-5747,Jimmie,Effertz,unknown,white,M,927 Gorczany Rapid,Somerset,"Acetaminophen 325 MG Oral Tablet, NDA020800 0.3 ML Epinephrine 1 MG/ML Auto-Injector, Fexofenadine hydrochloride 30 MG Oral Tablet",Acute bronchitis (disorder),Fish 
579,a706bd75-a69b-5bb8-db87-8a29b45c989d,22,999-47-1225,Vivienne,Doyle,unknown,white,F,264 King Bay,North Attleborough,"Jolivette 28 Day Pack, Yaz 28 Day Pack, NuvaRing 0.12/0.015 MG per 24HR 21 Day Vaginal Ring",,
580,a8b8d20e-ecf0-4cb1-7536-38683ba360aa,46,999-96-2764,Odis,Veum,married,white,M,552 Kozey Club Suite 35,Southborough,"Abuse-Deterrent 12 HR Oxycodone Hydrochloride 15 MG Extended Release Oral Tablet, Amoxicillin 250 MG / Clavulanate 125 MG Oral Tablet, Acetaminophen 325 MG Oral Tablet, 72 HR Fentanyl 0.025 MG/HR Transdermal System, Acetaminophen 325 MG / Oxycodone Hydrochloride 10 MG Oral Tablet [Percocet]",Acute bacterial sinusitis (disorder),
581,02ceca12-357f-981e-dcf3-3d26d3c1ff82,62,999-42-7667,MaríaTeresa,Valadez,married,white,F,245 Wehner Center,Boston,"Hydrocortisone 10 MG/ML Topical Cream, NDA020800 0.3 ML Epinephrine 1 MG/ML Auto-Injector, 10 ML oxaliplatin 5 MG/ML Injection, Leucovorin 100 MG Injection, Acetaminophen 325 MG Oral Tablet, 1 ML medroxyprogesterone acetate 150 MG/ML Injection, Etonogestrel 68 MG Drug Implant, Loratadine 10 MG Oral Tablet, 24 HR Metformin hydrochloride 500 MG Extended Release Oral Tablet","Contact dermatitis, Diabetes, Malignant tumor of colon, Acute bronchitis (disorder)",Animal dander 
582,d9bde0cc-3ea9-5329-2da3-1d9c3adbd86a,99,999-28-5290,Boyd,Gleichner,single,asian,M,191 Wolf Divide,Harwich,"Naproxen sodium 220 MG Oral Tablet, Amoxicillin 250 MG / Clavulanate 125 MG Oral Tablet, 0.25 ML Leuprolide Acetate 30 MG/ML Prefilled Syringe, 1 ML DOCEtaxel 20 MG/ML Injection, Simvastatin 10 MG Oral Tablet","Sinusitis (disorder), Osteoarthritis of knee, Hyperlipidemia",
583,e51b6686-8e11-03a1-9699-ae0ecfde0bb6,63,999-61-6972,Barton,Breitenberg,married,white,M,918 Huel Heights Unit 57,Littleton,"Warfarin Sodium 5 MG Oral Tablet, Verapamil Hydrochloride 40 MG, amLODIPine 2.5 MG Oral Tablet, Digoxin 0.125 MG Oral Tablet, lisinopril 10 MG Oral Tablet",Hypertension,
584,1a5224e4-383b-6e73-79a7-98a499069b10,68,999-22-8378,Andy,Hirthe,married,white,M,420 Hickle Vista,Avon,Acetaminophen 21.7 MG/ML / Dextromethorphan Hydrobromide 1 MG/ML / doxylamine succinate 0.417 MG/ML Oral Solution,Acute bronchitis (disorder),
585,b68c6e5e-6b47-b721-839b-739ec3400504,63,999-75-5767,Jordan,Smitham,married,white,F,198 Herzog Ramp,Revere,"Naproxen sodium 220 MG Oral Tablet, Amoxicillin 250 MG / Clavulanate 125 MG Oral Tablet, Acetaminophen 300 MG / Codeine Phosphate 15 MG Oral Tablet, Acetaminophen 21.7 MG/ML / Dextromethorphan Hydrobromide 1 MG/ML / doxylamine succinate 0.417 MG/ML Oral Solution, Acetaminophen 300 MG / Hydrocodone Bitartrate 5 MG Oral Tablet, Ibuprofen 400 MG Oral Tablet [Ibu]","Localized  primary osteoarthritis of the hand, Viral sinusitis (disorder), Acute bronchitis (disorder)",
586,43a8f60a-2b8e-26b5-3736-e64df96bf796,52,999-79-1965,Francisco,Lynch,single,white,M,957 Smith Branch,Boston,"Ibuprofen 200 MG Oral Tablet, amLODIPine 2.5 MG Oral Tablet, Amoxicillin 250 MG / Clavulanate 125 MG Oral Tablet, Hydrochlorothiazide 25 MG Oral Tablet, lisinopril 10 MG Oral Tablet","Viral sinusitis (disorder), Hypertension",
587,6f49aebb-074b-cc99-b71b-2fb9c43a67e2,9,999-52-2258,Reid,MacGyver,unknown,white,M,1032 Stark Divide Unit 27,Wellesley,"Ibuprofen 100 MG Oral Tablet, Acetaminophen 160 MG Chewable Tablet, Amoxicillin 500 MG Oral Tablet, Cefuroxime 250 MG Oral Tablet",,
588,21db612c-b8ef-f666-53a6-cc657674d4cd,22,999-92-3526,Rene,Wisoky,unknown,white,F,217 Altenwerth Road,Yarmouth,"Penicillin V Potassium 250 MG Oral Tablet, Hydrochlorothiazide 25 MG Oral Tablet, Yaz 28 Day Pack, Seasonique 91 Day Pack, Acetaminophen 21.7 MG/ML / Dextromethorphan Hydrobromide 1 MG/ML / doxylamine succinate 0.417 MG/ML Oral Solution","Hypertension, Streptococcal sore throat (disorder), Acute bronchitis (disorder)",
589,ff9337d4-4f6c-2182-c1aa-a0811a68a4ab,74,999-84-1106,Milan,Roob,married,white,M,311 Vandervort Bridge,Newton,"diphenhydrAMINE Hydrochloride 25 MG Oral Tablet, Abuse-Deterrent 12 HR Oxycodone Hydrochloride 15 MG Extended Release Oral Tablet, Amoxicillin 250 MG / Clavulanate 125 MG Oral Tablet, NDA020503 200 ACTUAT Albuterol 0.09 MG/ACTUAT Metered Dose Inhaler, Hydrochlorothiazide 25 MG Oral Tablet, 120 ACTUAT Fluticasone propionate 0.044 MG/ACTUAT Metered Dose Inhaler, lisinopril 10 MG Oral Tablet","Viral sinusitis (disorder), Childhood asthma, Hypertension","Mold , Grass pollen , House dust mite , Animal dander , Bee venom "
590,864b2fa0-78e3-88c6-2ce2-ba3aea72236c,99,999-82-6767,Ula,Beatty,married,white,F,843 Osinski Parade Apt 24,Salem,"Simvastatin 20 MG Oral Tablet, Amlodipine 5 MG Oral Tablet, Nitroglycerin 0.4 MG/ACTUAT Mucosal Spray, insulin human  isophane 70 UNT/ML / Regular Insulin  Human 30 UNT/ML Injectable Suspension [Humulin], Clopidogrel 75 MG Oral Tablet, Simvastatin 10 MG Oral Tablet, Alendronic acid 10 MG Oral Tablet, 24 HR Metformin hydrochloride 500 MG Extended Release Oral Tablet","Diabetes, Hyperlipidemia",
591,8aeeb74e-10c8-bbff-e68d-0aa8b3159c1b,40,999-56-9034,Romeo,Toy,single,white,M,153 Cummings Trailer,Rehoboth,"Penicillin V Potassium 500 MG Oral Tablet, Hydrochlorothiazide 25 MG Oral Tablet, Acetaminophen 325 MG Oral Tablet, Acetaminophen 21.7 MG/ML / Dextromethorphan Hydrobromide 1 MG/ML / doxylamine succinate 0.417 MG/ML Oral Solution, lisinopril 10 MG Oral Tablet","Acute bronchitis (disorder), Streptococcal sore throat (disorder), Hypertension",
592,00126cb9-8460-4747-e302-c3609684531e,38,999-59-4258,Fatima,Sauer,married,white,F,142 Streich Trail,Berkley,"Natazia 28 Day Pack, Etonogestrel 68 MG Drug Implant, Hydrochlorothiazide 25 MG Oral Tablet, 1 ML medroxyprogesterone acetate 150 MG/ML Injection, Seasonique 91 Day Pack, Mirena 52 MG Intrauterine System, lisinopril 10 MG Oral Tablet",Hypertension,
593,1405f86e-4660-8c8b-4876-a21c9487b179,75,999-19-8700,Erin,Schumm,married,white,M,130 Hane Station,Franklin,"Penicillin V Potassium 500 MG Oral Tablet, Acetaminophen 21.7 MG/ML / Dextromethorphan Hydrobromide 1 MG/ML / doxylamine succinate 0.417 MG/ML Oral Solution","Streptococcal sore throat (disorder), Acute bronchitis (disorder)",
594,753e1440-87ec-7175-29e7-73bf24f5c7f0,85,999-83-1137,Oneida,Tromp,married,white,F,145 Streich Bay,Salem,"Simvastatin 10 MG Oral Tablet, Alendronic acid 10 MG Oral Tablet, Acetaminophen 325 MG Oral Tablet, Ibuprofen 400 MG Oral Tablet [Ibu]",Hyperlipidemia,
595,64f8510c-05b1-c7ce-b67c-75c801c3d048,56,999-47-5802,Lavette,Miller,married,white,F,736 Schuppe Approach Apt 53,Framingham,"Etonogestrel 68 MG Drug Implant, Mirena 52 MG Intrauterine System, Natazia 28 Day Pack",,
596,15e26d50-6ea4-1b03-cf83-9748d0f245e7,59,999-71-3115,Lucio,Smith,married,white,M,335 Cummings Ville,Taunton,"Acetaminophen 325 MG Oral Tablet, Simvastatin 10 MG Oral Tablet, Ibuprofen 400 MG Oral Tablet [Ibu]","Acute bronchitis (disorder), Hyperlipidemia",
597,f8d9fe9e-f635-5340-41cc-935771d6dec0,24,999-31-2191,Dino,Huel,unknown,white,M,920 Durgan Ville,Whitman,"Penicillin V Potassium 250 MG Oral Tablet, Ibuprofen 200 MG Oral Tablet, Meperidine Hydrochloride 50 MG Oral Tablet, Amoxicillin 250 MG / Clavulanate 125 MG Oral Tablet, atomoxetine 100 MG Oral Capsule","Viral sinusitis (disorder), Streptococcal sore throat (disorder), Child attention deficit disorder",
598,274a41df-e9d5-5e62-eae5-4e5daa04759f,61,999-95-5785,Tereasa,Wyman,married,white,F,771 Mann Fort Suite 1,Easton,"Seasonique 91 Day Pack, Etonogestrel 68 MG Drug Implant",,
599,9929af95-8955-628e-486b-fe42c02beb5f,75,999-52-8784,Brande,Jerde,married,white,F,1009 Hessel Run,Billerica,"Acetaminophen 325 MG Oral Tablet, Acetaminophen 21.7 MG/ML / Dextromethorphan Hydrobromide 1 MG/ML / doxylamine succinate 0.417 MG/ML Oral Solution, Meperidine Hydrochloride 50 MG Oral Tablet, Ibuprofen 200 MG Oral Tablet",Acute bronchitis (disorder),
600,db44d702-2951-de80-0bd9-7c89472963f0,14,999-62-3432,Elbert,Stehr,unknown,white,M,397 Lebsack Mission,Plymouth,"Acetaminophen 325 MG Oral Tablet, Acetaminophen 21.7 MG/ML / Dextromethorphan Hydrobromide 1 MG/ML / doxylamine succinate 0.417 MG/ML Oral Solution, Amoxicillin 250 MG / Clavulanate 125 MG Oral Tablet","Viral sinusitis (disorder), Acute bronchitis (disorder)",
601,7603d7e2-7e39-24cc-4068-dca4098f29f1,16,999-17-3722,Nery,Zemlak,unknown,white,F,100 Hahn Viaduct Apt 2,Arlington,"Ibuprofen 100 MG Oral Tablet, Acetaminophen 160 MG Chewable Tablet, Amoxicillin 500 MG Oral Tablet",,
602,f5dbb8d8-6b8b-9648-5f26-d5bb0790fa45,50,999-51-9194,Dalton,Marks,married,white,M,963 Kshlerin Quay,Taunton,Naproxen sodium 220 MG Oral Tablet,,
603,d4289911-f875-7766-81d9-11b00b97f1a6,52,999-65-4967,Mathew,Jacobs,single,white,M,371 Hand Neck Apt 56,Methuen,"Naproxen sodium 220 MG Oral Tablet, ferrous sulfate 325 MG Oral Tablet",Localized  primary osteoarthritis of the hand,
604,c1b61a52-e15f-0bd4-58d3-eb581ecb6192,56,999-57-4505,Johana,Wunsch,married,white,F,224 Grimes Parade Apt 22,Plymouth,"Jolivette 28 Day Pack, Kyleena 19.5 MG Intrauterine System, NDA020503 200 ACTUAT Albuterol 0.09 MG/ACTUAT Metered Dose Inhaler, Errin 28 Day Pack, Acetaminophen 325 MG Oral Tablet, 120 ACTUAT Fluticasone propionate 0.044 MG/ACTUAT Metered Dose Inhaler, Etonogestrel 68 MG Drug Implant, Mirena 52 MG Intrauterine System, Acetaminophen 300 MG / Hydrocodone Bitartrate 5 MG Oral Tablet","Childhood asthma, Acute bronchitis (disorder)",
605,8fdd8e4f-bf93-37c2-83e7-3d0812840739,51,999-19-4371,Basil,Douglas,married,white,M,580 Walter Knoll,Rehoboth,"Amoxicillin 250 MG / Clavulanate 125 MG Oral Tablet, diphenhydrAMINE Hydrochloride 25 MG Oral Tablet, Ibuprofen 200 MG Oral Tablet, Amoxicillin 250 MG Oral Capsule",Sinusitis (disorder),Shellfish 
606,32653d7a-2f66-544f-1104-43d6e1c1ae4c,55,999-46-5525,Tonisha,Cruickshank,married,white,F,610 Schamberger Stravenue Apt 82,Falmouth,"Naproxen sodium 220 MG Oral Tablet, NuvaRing 0.12/0.015 MG per 24HR 21 Day Vaginal Ring, Hydrocortisone 10 MG/ML Topical Cream, NDA020800 0.3 ML Epinephrine 1 MG/ML Auto-Injector, Kyleena 19.5 MG Intrauterine System, 1 ML medroxyprogesterone acetate 150 MG/ML Injection, Levora 0.15/30 28 Day Pack, Seasonique 91 Day Pack, Mirena 52 MG Intrauterine System, Loratadine 10 MG Oral Tablet","Contact dermatitis, Osteoarthritis of knee",
607,574645b2-cbb6-f5b5-97dd-60cd07675773,42,999-77-2653,Amado,Botsford,married,hawaiian,M,976 Krajcik Bypass Apt 77,Southborough,"Naproxen sodium 220 MG Oral Tablet, Meperidine Hydrochloride 50 MG Oral Tablet",,
608,ef318e4c-8d1c-c2a4-ce37-d76fbf8b9906,10,999-44-9851,Neoma,Halvorson,unknown,white,F,741 O'Connell Port Unit 74,Braintree,"Ibuprofen 100 MG Oral Tablet, Amoxicillin 500 MG Oral Tablet",,
609,d688932a-65c6-3833-4978-3729c3027871,87,999-55-1173,Shannon,Fisher,single,white,M,1012 Orn Row Apt 56,Walpole,"Naproxen sodium 220 MG Oral Tablet, amLODIPine 2.5 MG Oral Tablet, Acetaminophen 325 MG Oral Tablet, Simvastatin 10 MG Oral Tablet, lisinopril 10 MG Oral Tablet","Hypertension, Hyperlipidemia",
610,53fe2ac2-833f-d60c-167b-ede17cee5ce2,68,999-14-7262,Esperanza,Márquez,married,white,F,602 Boehm Mill Unit 27,Haverhill,Acetaminophen 325 MG Oral Tablet,Acute bronchitis (disorder),
611,ad67ba01-cc70-b87a-1bdb-47c53c56adfd,34,999-71-5714,Majorie,Grady,married,white,F,281 Kunde Mission Apt 61,Norton,"Etonogestrel 68 MG Drug Implant, Meperidine Hydrochloride 50 MG Oral Tablet, Acetaminophen 325 MG Oral Tablet, Seasonique 91 Day Pack, 168 HR Ethinyl Estradiol 0.00146 MG/HR / norelgestromin 0.00625 MG/HR Transdermal System",,
612,827356e9-9e28-2005-8a0b-1eea3266f43e,62,999-16-6283,Francisco,Alcántar,married,white,M,1057 Ernser Fort Apt 55,Boston,"24hr nicotine transdermal patch, ferrous sulfate 325 MG Oral Tablet, Meperidine Hydrochloride 50 MG Oral Tablet, Sertraline 100 MG Oral Tablet, Acetaminophen 325 MG Oral Tablet, Acetaminophen/Hydrocodone",Posttraumatic stress disorder,
613,1edd887a-05a6-d93a-1cff-f78e3c5da92f,14,999-81-4201,Cary,Rutherford,unknown,white,M,1069 Ebert Bay Apt 48,Boston,"Ibuprofen 100 MG Oral Tablet, Acetaminophen 160 MG Chewable Tablet, Penicillin V Potassium 250 MG Oral Tablet, Acetaminophen 325 MG Oral Tablet","Streptococcal sore throat (disorder), Acute bronchitis (disorder)",
614,5ebac3bc-45f8-9136-b77a-d20b40dde915,83,999-36-1410,Ula,Goldner,married,white,F,408 Effertz Bridge Suite 62,West Yarmouth,"Warfarin Sodium 5 MG Oral Tablet, Verapamil Hydrochloride 40 MG, Digoxin 0.125 MG Oral Tablet, 60 ACTUAT Fluticasone propionate 0.25 MG/ACTUAT / salmeterol 0.05 MG/ACTUAT Dry Powder Inhaler, Acetaminophen 325 MG Oral Tablet, Acetaminophen 325 MG / HYDROcodone Bitartrate 7.5 MG Oral Tablet, Simvastatin 10 MG Oral Tablet","Chronic obstructive bronchitis (disorder), Hyperlipidemia",
615,aa06e501-1a2a-548c-e176-6959b58e412f,26,999-65-9919,Dane,Jacobs,unknown,white,M,158 Mayert Haven,Amesbury,"Hydrochlorothiazide 25 MG Oral Tablet, Amoxicillin 250 MG / Clavulanate 125 MG Oral Tablet, lisinopril 10 MG Oral Tablet","Viral sinusitis (disorder), Hypertension",
616,2bc3852a-ed90-20d8-f383-5a5c980a56ca,50,999-64-2898,Kristian,Windler,married,white,F,116 Romaguera Road Apt 18,Leicester,"Jolivette 28 Day Pack, Naproxen sodium 220 MG Oral Tablet, piperacillin 2000 MG / tazobactam 250 MG Injection, 1 ML medroxyPROGESTERone acetate 150 MG/ML Injection, 150 ML vancomycin 5 MG/ML Injection, Errin 28 Day Pack, Acetaminophen 325 MG Oral Tablet, Camila 28 Day Pack, Yaz 28 Day Pack","Sepsis (disorder), Osteoarthritis of knee, Acute bronchitis (disorder)",
617,77d8177a-0da0-a91f-da5e-9ac05a96def0,34,999-11-8381,Georgene,Romaguera,married,white,F,331 Corwin Annex,Quincy,"Jolivette 28 Day Pack, Natazia 28 Day Pack, Loratadine 5 MG Chewable Tablet, NDA020800 0.3 ML Epinephrine 1 MG/ML Auto-Injector",,Aspirin
618,be000965-b142-a7c8-8f14-ee3907609a55,73,999-95-1511,Forrest,Paucek,married,white,M,232 Roberts Lock,East Dennis,"Ibuprofen 200 MG Oral Tablet, 10 ML oxaliplatin 5 MG/ML Injection, Amoxicillin 250 MG / Clavulanate 125 MG Oral Tablet, Leucovorin 100 MG Injection, Acetaminophen 325 MG Oral Tablet, 72 HR Fentanyl 0.025 MG/HR Transdermal System, tramadol hydrochloride 50 MG Oral Tablet, Acetaminophen 300 MG / Hydrocodone Bitartrate 5 MG Oral Tablet, 12 HR Hydrocodone Bitartrate 10 MG Extended Release Oral Capsule","Viral sinusitis (disorder), Malignant tumor of colon",
619,cc0b85a3-ca8d-45fb-c9d6-5b69dd505d41,69,999-26-7371,Ozell,Tromp,married,white,F,429 Lowe Corner Suite 75,Middleborough,"Simvastatin 10 MG Oral Tablet, Naproxen sodium 220 MG Oral Tablet","Osteoarthritis of knee, Hyperlipidemia",Shellfish 
620,8ba7f1b3-6345-7177-b767-71342e348f19,39,999-61-4208,Edmund,Tillman,single,white,M,524 Simonis Park,West Boylston,Acetaminophen 300 MG / Hydrocodone Bitartrate 5 MG Oral Tablet,,
621,7fc60498-21c5-6527-1502-dcd0c44adf74,6,999-51-9084,Epifania,Lemke,unknown,white,F,338 Crona Landing Apt 21,Newburyport,"Ibuprofen 100 MG Oral Tablet, Amoxicillin 500 MG Oral Tablet",,
622,863d30c0-d34e-be6c-6a5b-1c7aa0333ee7,8,999-81-1752,Ricardo,Stracke,unknown,white,M,814 Stehr Tunnel,Agawam,"Ibuprofen 100 MG Oral Tablet, Acetaminophen 160 MG Chewable Tablet, Amoxicillin 500 MG Oral Tablet",,
623,eff48ed7-eab5-258e-2d5d-0793f7941bea,48,999-40-5786,Sierra,Kohler,single,white,F,774 Runte Glen,South Amherst,"Jolivette 28 Day Pack, 1 ML medroxyPROGESTERone acetate 150 MG/ML Injection, Trinessa 28 Day Pack, Camila 28 Day Pack, 1 ML medroxyprogesterone acetate 150 MG/ML Injection, Phenazopyridine hydrochloride 100 MG Oral Tablet, Mirena 52 MG Intrauterine System, Nitrofurantoin 5 MG/ML Oral Suspension",Escherichia coli urinary tract infection,
624,e3d999ee-c61a-18cd-6045-7e958c87773b,76,999-63-9460,Fernando,Feliciano,married,white,M,171 Anderson Junction,Swansea,"Naproxen sodium 220 MG Oral Tablet, Acetaminophen 325 MG Oral Tablet [Tylenol]",Osteoarthritis of knee,
625,a1c127d9-d31e-36b1-2a3e-3014be9bfdf0,94,999-63-7777,Randal,Herman,single,white,M,497 Schmeler Plaza,Fall River,"Hydrocortisone 10 MG/ML Topical Cream, ferrous sulfate 325 MG Oral Tablet, Meperidine Hydrochloride 50 MG Oral Tablet, Acetaminophen 325 MG Oral Tablet, insulin human  isophane 70 UNT/ML / Regular Insulin  Human 30 UNT/ML Injectable Suspension [Humulin], Simvastatin 10 MG Oral Tablet, Alendronic acid 10 MG Oral Tablet, 24 HR Metformin hydrochloride 500 MG Extended Release Oral Tablet, Galantamine 4 MG Oral Tablet, lisinopril 10 MG Oral Tablet","Hyperlipidemia, Alzheimer's disease (disorder), Contact dermatitis, Diabetes, Hypertension",
626,d90705f0-2c2d-4126-6504-93d4da9c6f7a,63,999-14-8528,Johnie,Tremblay,married,asian,M,281 Murphy Tunnel Unit 13,Weymouth,"Naproxen sodium 220 MG Oral Tablet, lisinopril 10 MG Oral Tablet, Penicillin V Potassium 500 MG Oral Tablet, Hydrochlorothiazide 25 MG Oral Tablet, Acetaminophen 325 MG Oral Tablet, Simvastatin 10 MG Oral Tablet, Acetaminophen 325 MG Oral Tablet [Tylenol]","Streptococcal sore throat (disorder), Hyperlipidemia, Hypertension, Osteoarthritis of knee, Acute bronchitis (disorder)",
627,a535029d-c7ba-2a81-9f85-d84109d5c44b,55,999-50-1167,Maud,Rodriguez,married,asian,F,296 Walker Fort,Marblehead,"amLODIPine 2.5 MG Oral Tablet, Errin 28 Day Pack, Hydrochlorothiazide 25 MG Oral Tablet, Acetaminophen 325 MG Oral Tablet, Simvastatin 10 MG Oral Tablet, 168 HR Ethinyl Estradiol 0.00146 MG/HR / norelgestromin 0.00625 MG/HR Transdermal System, lisinopril 10 MG Oral Tablet","Acute bronchitis (disorder), Hypertension, Hyperlipidemia",
628,6c96e5f4-464b-0afa-ff6f-aab2e1e55a49,67,999-89-4956,Lilly,Hamill,single,white,F,992 Rolfson Green,Worcester,"Naproxen sodium 220 MG Oral Tablet, amLODIPine 2.5 MG Oral Tablet, Amoxicillin 250 MG Oral Capsule, Hydrochlorothiazide 25 MG Oral Tablet, Acetaminophen 325 MG Oral Tablet, Simvastatin 10 MG Oral Tablet, lisinopril 10 MG Oral Tablet","Hypertension, Hyperlipidemia",
629,fed745aa-0d47-4eb7-58e0-5d132b90a24f,34,999-71-2779,Deane,Stark,married,white,F,253 Rutherford Pathway,Monterey,"1 ML medroxyPROGESTERone acetate 150 MG/ML Injection, Liletta 52 MG Intrauterine System, Trinessa 28 Day Pack, Errin 28 Day Pack, Levora 0.15/30 28 Day Pack, Phenazopyridine hydrochloride 100 MG Oral Tablet, NITROFURANTOIN  MACROCRYSTALS 50 MG Oral Capsule, Nitrofurantoin 5 MG/ML Oral Suspension",Escherichia coli urinary tract infection,
630,bb5c7f5f-8357-bfe3-edfd-72f36fb7bc20,59,999-26-8748,Beata,Nicolas,married,white,F,732 Davis Trafficway,Medford,"Hydrochlorothiazide 25 MG Oral Tablet, Naproxen sodium 220 MG Oral Tablet, amLODIPine 2.5 MG Oral Tablet, lisinopril 10 MG Oral Tablet","Osteoarthritis of hip, Hypertension",
631,81d042b4-40c3-976a-efb0-b9e36a0f28e1,20,999-14-5254,Bryce,Schinner,unknown,white,M,187 Orn Vale,Lynn,"Penicillin V Potassium 250 MG Oral Tablet, Ibuprofen 100 MG Oral Tablet",Streptococcal sore throat (disorder),
632,45d8e064-aadc-59d8-d4a5-2637f5584aab,38,999-39-7951,Margie,Hermiston,married,white,F,1023 Ondricka Rue Suite 24,New Bedford,"NDA020800 0.3 ML Epinephrine 1 MG/ML Auto-Injector, Trinessa 28 Day Pack, Phenazopyridine hydrochloride 100 MG Oral Tablet, Loratadine 5 MG Chewable Tablet, Nitrofurantoin 5 MG/ML Oral Suspension",Escherichia coli urinary tract infection,
633,ee56c87e-394b-b981-c3aa-eb3663209f37,30,999-10-2977,Latarsha,Carroll,unknown,asian,F,1091 Windler Lock Suite 97,Hubbardston,"Jolivette 28 Day Pack, Etonogestrel 68 MG Drug Implant, Trinessa 28 Day Pack, Yaz 28 Day Pack, Seasonique 91 Day Pack, Mirena 52 MG Intrauterine System",,
634,00ae3b00-9500-efc1-2758-a93d3f77e650,73,999-45-6499,Tashia,Boehm,single,black,F,800 Runte Gardens,Westport,"Acetaminophen 325 MG Oral Tablet, Acetaminophen 21.7 MG/ML / Dextromethorphan Hydrobromide 1 MG/ML / doxylamine succinate 0.417 MG/ML Oral Solution, Abuse-Deterrent 12 HR Oxycodone Hydrochloride 15 MG Extended Release Oral Tablet",Acute bronchitis (disorder),
635,185cefc8-cf9d-3df1-ff01-b62ca7b90adb,58,999-46-3549,Marisol,Hilll,married,white,F,379 Toy Quay Unit 10,Holden,"Simvastatin 20 MG Oral Tablet, diphenhydrAMINE Hydrochloride 25 MG Oral Tablet, Penicillin V Potassium 500 MG Oral Tablet, Amlodipine 5 MG Oral Tablet, Nitroglycerin 0.4 MG/ACTUAT Mucosal Spray, NDA020503 200 ACTUAT Albuterol 0.09 MG/ACTUAT Metered Dose Inhaler, Acetaminophen 325 MG Oral Tablet, Clopidogrel 75 MG Oral Tablet, 120 ACTUAT Fluticasone propionate 0.044 MG/ACTUAT Metered Dose Inhaler","Streptococcal sore throat (disorder), Childhood asthma, Acute bronchitis (disorder)","Mold , Wheat , Grass pollen , Cow's milk , House dust mite , Animal dander , Bee venom , Tree pollen , Tree nut "
636,85f0a859-d272-8ed8-fea7-ff7a21d81887,59,999-97-2246,Victor,Carter,married,black,M,851 Heller Avenue Unit 91,East Bridgewater,"Ibuprofen 200 MG Oral Tablet, Amoxicillin 250 MG Oral Capsule",,
637,bc8d72aa-9065-473c-d9cd-cceb942ddfaf,31,999-97-6480,Andrea,Collins,unknown,white,F,580 Miller Annex Suite 54,Saugus,"Naproxen sodium 220 MG Oral Tablet, NuvaRing 0.12/0.015 MG per 24HR 21 Day Vaginal Ring, Penicillin V Potassium 500 MG Oral Tablet, Errin 28 Day Pack, 1 ML medroxyprogesterone acetate 150 MG/ML Injection, Levora 0.15/30 28 Day Pack, Seasonique 91 Day Pack",Streptococcal sore throat (disorder),
638,5bf9e7f3-ca8b-16d9-6ad8-5e46c20e9f4e,31,999-93-4920,Duane,Gibson,unknown,white,M,177 Haag Lodge Apt 69,Boston,"lisinopril 10 MG Oral Tablet, amLODIPine 2.5 MG Oral Tablet",Hypertension,
639,788a1414-0bee-f2a6-8096-a9f2d936f42f,66,999-30-9875,Scottie,Kerluke,single,white,M,848 Stanton Branch,North Eastham,"Naproxen sodium 220 MG Oral Tablet, amLODIPine 2.5 MG Oral Tablet, Amoxicillin 250 MG Oral Capsule, lisinopril 10 MG Oral Tablet",Hypertension,
640,1ef1309d-cd3a-f6b2-2706-10f9ecfa06ed,40,999-86-6731,Kit,Hills,married,white,F,875 Olson Lodge,Reading,"Jolivette 28 Day Pack, Liletta 52 MG Intrauterine System, Amoxicillin 250 MG / Clavulanate 125 MG Oral Tablet, Etonogestrel 68 MG Drug Implant, Acetaminophen 21.7 MG/ML / Dextromethorphan Hydrobromide 1 MG/ML / doxylamine succinate 0.417 MG/ML Oral Solution","Viral sinusitis (disorder), Acute bronchitis (disorder)",
641,a0e542ca-bab1-52c2-e32d-5c5507e36868,37,999-74-4467,Willodean,Hyatt,married,white,F,178 Kohler Rest Suite 20,Shrewsbury,"Seasonique 91 Day Pack, Natazia 28 Day Pack, Amoxicillin 250 MG / Clavulanate 125 MG Oral Tablet",Viral sinusitis (disorder),
642,f2f98ceb-38a9-72f3-5193-a849efce41ce,10,999-25-4373,Ángela,Saldaña,unknown,white,F,616 Grimes Crossroad Suite 48,Boston,"Acetaminophen 160 MG Chewable Tablet, Amoxicillin 500 MG Oral Tablet, Cefuroxime 250 MG Oral Tablet",,
643,8aa6b366-1eb1-2649-95a2-18ce6fc5d7cf,73,999-82-5846,Kristopher,Ledner,married,white,M,487 Walsh Dam,Barnstable,"Simvastatin 10 MG Oral Tablet, Amoxicillin 250 MG / Clavulanate 125 MG Oral Tablet, Ibuprofen 200 MG Oral Tablet, Acetaminophen 325 MG Oral Tablet","Viral sinusitis (disorder), Sinusitis (disorder), Acute bronchitis (disorder), Hyperlipidemia",
644,c2b9dc8a-cfe1-da50-5e72-140b66e43996,27,999-97-4512,Erin,Mann,unknown,white,M,397 Lang Way Apt 34,Williamsburg,"Hydrochlorothiazide 25 MG Oral Tablet, amLODIPine 2.5 MG Oral Tablet, lisinopril 10 MG Oral Tablet",Hypertension,
645,09a88ead-dcf8-1702-a172-fcb15b294d7f,30,999-34-6081,Janeth,Grant,unknown,white,F,969 Hettinger Lodge,Somerville,"Jolivette 28 Day Pack, Natazia 28 Day Pack, NuvaRing 0.12/0.015 MG per 24HR 21 Day Vaginal Ring, Naproxen sodium 220 MG Oral Tablet, Ibuprofen 200 MG Oral Tablet, Yaz 28 Day Pack, Acetaminophen 325 MG / HYDROcodone Bitartrate 7.5 MG Oral Tablet, Levora 0.15/30 28 Day Pack, Acetaminophen 325 MG / Oxycodone Hydrochloride 10 MG Oral Tablet [Percocet], Acetaminophen 300 MG / Hydrocodone Bitartrate 5 MG Oral Tablet, Ibuprofen 400 MG Oral Tablet [Ibu]",,
646,e546eb3d-36c4-ce15-fcff-c464c8d79441,70,999-72-7348,Werner,Watsica,single,white,M,458 Doyle Path Suite 36,Mount Washington,Acetaminophen 325 MG Oral Tablet,Acute bronchitis (disorder),
647,8d341b49-a266-a3d1-c546-4aacd39303bb,87,999-17-5839,Damien,Orn,married,white,M,370 Smitham Highlands,Needham,"ferrous sulfate 325 MG Oral Tablet, 0.25 ML Leuprolide Acetate 30 MG/ML Prefilled Syringe, 1 ML DOCEtaxel 20 MG/ML Injection, Acetaminophen 325 MG Oral Tablet, Alendronic acid 10 MG Oral Tablet",,
648,59006c13-4c8e-7d51-5392-8a78ea30c159,12,999-58-6320,Deirdre,Langosh,unknown,white,F,774 Cartwright Rue Suite 76,Fall River,"Ibuprofen 100 MG Oral Tablet, Acetaminophen 160 MG Chewable Tablet, Amoxicillin 500 MG Oral Tablet, Acetaminophen 325 MG Oral Tablet",Acute bronchitis (disorder),
649,562e7d26-9dfb-95f2-0815-3c20129955b8,61,999-52-6782,Nieves,Strosin,married,white,F,432 Weimann Fork Unit 11,Fall River,"Simvastatin 20 MG Oral Tablet, Amlodipine 5 MG Oral Tablet, Amoxicillin 250 MG / Clavulanate 125 MG Oral Tablet, Nitroglycerin 0.4 MG/ACTUAT Mucosal Spray, insulin human  isophane 70 UNT/ML / Regular Insulin  Human 30 UNT/ML Injectable Suspension [Humulin], Clopidogrel 75 MG Oral Tablet","Viral sinusitis (disorder), Diabetes","Bee venom , Lisinopril, Tree nut "
650,dd7739d6-6c0f-7f01-2ad2-67f979397a96,20,999-66-2227,Rich,Beatty,unknown,white,M,171 Boyle Gardens Apt 67,Lynn,Acetaminophen 160 MG Chewable Tablet,,
651,c104b1ec-d2e8-6ff7-4cc1-e58144be7da2,32,999-95-8375,Christen,Aufderhar,married,asian,F,888 Satterfield Route,Winthrop,"Natazia 28 Day Pack, Amoxicillin 250 MG / Clavulanate 125 MG Oral Tablet, Trinessa 28 Day Pack, Acetaminophen 325 MG Oral Tablet, Levora 0.15/30 28 Day Pack, Seasonique 91 Day Pack","Viral sinusitis (disorder), Acute bronchitis (disorder)",
652,16daa36d-5e40-19aa-d2f6-3958f83a2b38,34,999-96-5100,Andreas,Macejkovic,single,white,M,850 O'Conner Common Unit 94,Boston,Acetaminophen 325 MG Oral Tablet,Acute bronchitis (disorder),
653,b4a8f077-ac06-b045-97d4-30ca90df4a7a,59,999-55-8767,Ezra,Mertz,married,white,M,978 Ruecker Row,Woburn,"Acetaminophen 325 MG Oral Tablet, piperacillin 2000 MG / tazobactam 250 MG Injection, 150 ML vancomycin 5 MG/ML Injection",Sepsis (disorder),
654,e0807fab-552e-931f-366f-761dff93a52e,50,999-47-6808,Phuong,Lynch,single,white,F,529 Ernser Lane,Duxbury,"Natazia 28 Day Pack, piperacillin 2000 MG / tazobactam 250 MG Injection, Etonogestrel 68 MG Drug Implant, Liletta 52 MG Intrauterine System, 150 ML vancomycin 5 MG/ML Injection, Acetaminophen 325 MG Oral Tablet, 1 ML medroxyprogesterone acetate 150 MG/ML Injection, Levora 0.15/30 28 Day Pack, Seasonique 91 Day Pack, Simvastatin 10 MG Oral Tablet, 168 HR Ethinyl Estradiol 0.00146 MG/HR / norelgestromin 0.00625 MG/HR Transdermal System, Acetaminophen 325 MG Oral Tablet [Tylenol]","Sepsis (disorder), Hyperlipidemia",
655,5fa19f72-3c42-c600-eff0-c97e8448ad57,74,999-44-3135,Natalie,Armstrong,married,white,F,275 Bahringer Rest,Swampscott,"Naproxen sodium 220 MG Oral Tablet, amLODIPine 2.5 MG Oral Tablet, Hydrochlorothiazide 25 MG Oral Tablet, Acetaminophen 325 MG Oral Tablet, Simvastatin 10 MG Oral Tablet, lisinopril 10 MG Oral Tablet","Localized  primary osteoarthritis of the hand, Hypertension, Hyperlipidemia",
656,aa07a9f0-6cce-5e67-519a-2e2c5f93db29,39,999-34-3205,Angelo,Runte,married,white,F,364 Ward Parade Suite 96,Salem,"Abuse-Deterrent 12 HR Oxycodone Hydrochloride 10 MG Extended Release Oral Tablet [Oxycontin], tramadol hydrochloride 50 MG Oral Tablet, Acetaminophen 325 MG / Oxycodone Hydrochloride 10 MG Oral Tablet [Percocet], Acetaminophen 300 MG / Hydrocodone Bitartrate 5 MG Oral Tablet, 12 HR Hydrocodone Bitartrate 10 MG Extended Release Oral Capsule",,
657,c7b4f895-36c5-9c73-4e5c-5b9a10cab889,67,999-37-1039,Carey,Crist,married,white,M,375 Hauck Path,Marlborough,"Naproxen sodium 220 MG Oral Tablet, piperacillin 2000 MG / tazobactam 250 MG Injection, Amoxicillin 250 MG / Clavulanate 125 MG Oral Tablet, 150 ML vancomycin 5 MG/ML Injection, Simvastatin 10 MG Oral Tablet, Acetaminophen 21.7 MG/ML / Dextromethorphan Hydrobromide 1 MG/ML / doxylamine succinate 0.417 MG/ML Oral Solution, Acetaminophen 300 MG / Hydrocodone Bitartrate 5 MG Oral Tablet, Ibuprofen 400 MG Oral Tablet [Ibu]","Sepsis (disorder), Hyperlipidemia, Viral sinusitis (disorder), Localized  primary osteoarthritis of the hand, Acute bronchitis (disorder)",
658,2e7f9367-ada3-e09c-876d-32b551578630,12,999-93-1898,Mikaela,Keeling,unknown,other,F,877 Schmidt Landing Suite 20,Boston,"Acetaminophen 160 MG Chewable Tablet, Cefuroxime 250 MG Oral Tablet",,
659,75fde6d2-84e9-feb2-088f-b99f5347881a,14,999-63-4743,Katelyn,Schaden,unknown,white,F,1029 Kiehn Lock Unit 83,Cambridge,Penicillin V Potassium 250 MG Oral Tablet,Streptococcal sore throat (disorder),
660,54cc4555-29a2-17ca-1b62-b537b35515a5,47,999-19-6153,Jenny,Krajcik,married,white,F,415 Hintz Lane Unit 20,Somerville,"Jolivette 28 Day Pack, Simvastatin 20 MG Oral Tablet, NuvaRing 0.12/0.015 MG per 24HR 21 Day Vaginal Ring, Amlodipine 5 MG Oral Tablet, Astemizole 10 MG Oral Tablet, Nitroglycerin 0.4 MG/ACTUAT Mucosal Spray, Errin 28 Day Pack, Camila 28 Day Pack, Clopidogrel 75 MG Oral Tablet, Etonogestrel 68 MG Drug Implant, Acetaminophen 325 MG Oral Tablet [Tylenol]",,"Fish , Sulfamethoxazole / Trimethoprim, Animal dander "
661,3782e52d-3a8e-b8a0-1fce-c0bf74d6a96c,37,999-78-3480,Stormy,Gulgowski,married,white,F,850 Maggio Glen Suite 80,Wakefield,"NuvaRing 0.12/0.015 MG per 24HR 21 Day Vaginal Ring, Liletta 52 MG Intrauterine System, Errin 28 Day Pack, Acetaminophen 325 MG Oral Tablet, 1 ML medroxyprogesterone acetate 150 MG/ML Injection, Levora 0.15/30 28 Day Pack, Phenazopyridine hydrochloride 100 MG Oral Tablet, Acetaminophen 21.7 MG/ML / Dextromethorphan Hydrobromide 1 MG/ML / doxylamine succinate 0.417 MG/ML Oral Solution, Nitrofurantoin 5 MG/ML Oral Suspension","Escherichia coli urinary tract infection, Acute bronchitis (disorder)",
662,ebe6f5b1-c05d-6043-33d1-83ef3dc4da13,29,999-20-5289,Arron,Labadie,unknown,white,M,914 Bauch Station Unit 80,Upton,"Acetaminophen 325 MG Oral Tablet, NDA020800 0.3 ML Epinephrine 1 MG/ML Auto-Injector, Fexofenadine hydrochloride 30 MG Oral Tablet",Acute bronchitis (disorder),"Mold , Wheat "
663,961c13b9-6fe8-5b78-abd2-72f1e51dae7a,50,999-83-5515,Laverne,Anderson,single,white,M,296 Fritsch Crossing,Orleans,"Abuse-Deterrent 12 HR Oxycodone Hydrochloride 10 MG Extended Release Oral Tablet [Oxycontin], 72 HR Fentanyl 0.025 MG/HR Transdermal System, tramadol hydrochloride 50 MG Oral Tablet",,
664,e6785847-ea03-5c99-acbe-abd075241788,70,999-64-8925,Trevor,Konopelski,married,black,M,203 Kshlerin Forge,Plymouth,"Simvastatin 10 MG Oral Tablet, Naproxen sodium 220 MG Oral Tablet, Ibuprofen 200 MG Oral Tablet, Acetaminophen 325 MG Oral Tablet","Acute bronchitis (disorder), Hyperlipidemia",
665,2afc9195-bd76-87d7-9ae4-290e5036c2fa,52,999-42-8275,Chauncey,Baumbach,married,white,M,633 O'Keefe Club Suite 60,Brookline,"Naproxen sodium 220 MG Oral Tablet, Ibuprofen 200 MG Oral Tablet, Chlorpheniramine Maleate 2 MG/ML Oral Solution, Hydrochlorothiazide 25 MG Oral Tablet, Acetaminophen 325 MG / HYDROcodone Bitartrate 7.5 MG Oral Tablet, Acetaminophen 21.7 MG/ML / Dextromethorphan Hydrobromide 1 MG/ML / doxylamine succinate 0.417 MG/ML Oral Solution, doxycycline hyclate 100 MG","Acute bronchitis (disorder), Viral sinusitis (disorder), Hypertension","Penicillin V, Eggs  "
666,74ead5ce-b1a1-88ee-3d88-8c5502531d68,52,999-33-8015,Diane,Murphy,married,black,F,646 Hagenes Union,Danvers,"lisinopril 10 MG Oral Tablet, amLODIPine 2.5 MG Oral Tablet",Hypertension,
667,2961ef66-1eeb-1813-3217-c3c0176fd872,82,999-25-8286,Eric,Fahey,single,white,M,345 Farrell Frontage road,Dartmouth,"Warfarin Sodium 5 MG Oral Tablet, Verapamil Hydrochloride 40 MG, Digoxin 0.125 MG Oral Tablet, Hydrochlorothiazide 25 MG Oral Tablet, Simvastatin 10 MG Oral Tablet, Acetaminophen 300 MG / Hydrocodone Bitartrate 5 MG Oral Tablet, lisinopril 10 MG Oral Tablet","Hypertension, Hyperlipidemia",
668,9dff13cc-4283-5466-7f55-481d0c7267e0,11,999-70-1949,Reta,Koch,unknown,white,F,758 Sawayn Vale Unit 10,Shelburne,"Penicillin V Potassium 250 MG Oral Tablet, Acetaminophen 160 MG Chewable Tablet, Amoxicillin 500 MG Oral Tablet",Streptococcal sore throat (disorder),
669,fac847f2-6b31-2022-e96c-24c04a08256c,24,999-73-3750,Gladys,Wuckert,unknown,white,F,736 Gusikowski Promenade,Lexington,"amLODIPine 2.5 MG Oral Tablet, Trinessa 28 Day Pack, Acetaminophen 325 MG Oral Tablet, Hydrochlorothiazide 25 MG Oral Tablet, Yaz 28 Day Pack, Camila 28 Day Pack, Seasonique 91 Day Pack",Hypertension,
670,720e9d83-7140-7188-3aab-1752dd2c3183,55,999-68-8912,Jesica,Schumm,married,asian,F,396 Gutmann View Apt 32,Boston,"Jolivette 28 Day Pack, cycloSPORINE  modified 100 MG Oral Capsule, diphenhydrAMINE Hydrochloride 25 MG Oral Tablet, Hydrocortisone 10 MG/ML Topical Cream, Acetaminophen 325 MG Oral Tablet, Yaz 28 Day Pack, 1 ML medroxyprogesterone acetate 150 MG/ML Injection, Cefuroxime 250 MG Oral Tablet, Phenazopyridine hydrochloride 100 MG Oral Tablet, Etonogestrel 68 MG Drug Implant, Mirena 52 MG Intrauterine System, Nitrofurantoin 5 MG/ML Oral Suspension, Acetaminophen 300 MG / Hydrocodone Bitartrate 5 MG Oral Tablet, 12 HR Hydrocodone Bitartrate 10 MG Extended Release Oral Capsule","Atopic dermatitis, Cystitis","Mold , Shellfish , Fish , Eggs  , Animal dander , Tree nut "
671,cd6bea41-b268-4c96-0338-3f3d8129e5d8,76,999-13-6677,Gayla,Purdy,married,hawaiian,F,993 Grady Skyway,Westfield,"Ibuprofen 200 MG Oral Tablet, Acetaminophen 325 MG Oral Tablet [Tylenol]",,
672,0cbfba7c-bd09-5afb-221c-3cd30ae46757,64,999-60-7155,Gretta,Rolfson,married,hawaiian,F,396 Dach Row,West Concord,"Naproxen sodium 220 MG Oral Tablet, 10 ML oxaliplatin 5 MG/ML Injection, Alendronic acid 10 MG Oral Tablet, Leucovorin 100 MG Injection","Malignant tumor of colon, Osteoarthritis of knee",
673,312d3dd7-d005-5d59-078e-2dc5615a466c,22,999-49-3336,Glendora,Hettinger,unknown,white,F,345 Kerluke Burg,Lawrence,"amLODIPine 2.5 MG Oral Tablet, Acetaminophen 325 MG Oral Tablet, Levora 0.15/30 28 Day Pack, Etonogestrel 68 MG Drug Implant, lisinopril 10 MG Oral Tablet","Hypertension, Acute bronchitis (disorder)",
674,994223d1-9b84-a63f-e081-27cc1951e9b7,18,999-98-8769,Golda,Green,unknown,white,F,569 Bechtelar Passage,Ipswich,"Ibuprofen 100 MG Oral Tablet, Acetaminophen 325 MG Oral Tablet",,
675,1bc585d3-2a40-d934-3d96-f50fd607093f,58,999-10-2590,Carroll,Hirthe,married,white,F,124 Luettgen Crossroad,Boston,"168 HR Ethinyl Estradiol 0.00146 MG/HR / norelgestromin 0.00625 MG/HR Transdermal System, Naproxen sodium 220 MG Oral Tablet, 1 ML medroxyprogesterone acetate 150 MG/ML Injection, 1 ML medroxyPROGESTERone acetate 150 MG/ML Injection",,
676,3f9712f8-51e2-02e9-3ebc-0a72b0f9cac0,12,999-24-3216,Waldo,Nienow,unknown,white,M,560 Bednar Mill Unit 33,Andover,"Penicillin V Potassium 250 MG Oral Tablet, Acetaminophen 160 MG Chewable Tablet, Amoxicillin 250 MG / Clavulanate 125 MG Oral Tablet, Amoxicillin 500 MG Oral Tablet","Viral sinusitis (disorder), Streptococcal sore throat (disorder)",
677,9f2de402-cf41-e01d-2989-111bd5201620,62,999-60-6529,Estela,Posada,married,black,F,625 Flatley Knoll,Boston,"Hydrochlorothiazide 25 MG Oral Tablet, 1 ML medroxyprogesterone acetate 150 MG/ML Injection, lisinopril 10 MG Oral Tablet",Hypertension,
678,faf1d0f2-c429-72a4-5be0-e542949829ab,36,999-66-4140,Awilda,McClure,married,white,F,684 Medhurst View Apt 79,Weymouth,"Naproxen sodium 220 MG Oral Tablet, Natazia 28 Day Pack, NuvaRing 0.12/0.015 MG per 24HR 21 Day Vaginal Ring, Abuse-Deterrent 12 HR Oxycodone Hydrochloride 15 MG Extended Release Oral Tablet, amLODIPine 2.5 MG Oral Tablet, Amoxicillin 250 MG Oral Capsule, Liletta 52 MG Intrauterine System, Hydrochlorothiazide 25 MG Oral Tablet, Acetaminophen 325 MG / HYDROcodone Bitartrate 7.5 MG Oral Tablet, Seasonique 91 Day Pack, 1 ML medroxyprogesterone acetate 150 MG/ML Injection, Acetaminophen 300 MG / HYDROcodone Bitartrate 5 MG Oral Tablet, Phenazopyridine hydrochloride 100 MG Oral Tablet, Acetaminophen 325 MG / Oxycodone Hydrochloride 5 MG Oral Tablet, Levora 0.15/30 28 Day Pack, Nitrofurantoin 5 MG/ML Oral Suspension, lisinopril 10 MG Oral Tablet","Hypertension, Cystitis",
679,498a12a7-d9bc-cee8-bd8e-0338c592f2d1,25,999-13-2558,Lesley,Towne,unknown,white,M,698 Bradtke Station,Forestdale,"Penicillin V Potassium 250 MG Oral Tablet, lisinopril 10 MG Oral Tablet","Streptococcal sore throat (disorder), Hypertension",
680,f0a44b21-3f9d-6c44-4520-9665e3734fcb,16,999-99-4170,Maxie,Green,unknown,white,F,248 Swaniawski Flat Apt 77,Springfield,Acetaminophen 325 MG Oral Tablet,Acute bronchitis (disorder),
681,e7066cb1-7d7b-a1cb-8788-16325c24154b,13,999-39-6942,Wilber,Rath,unknown,white,M,421 Reichel Boulevard,Rowley,"Ibuprofen 100 MG Oral Tablet, Acetaminophen 160 MG Chewable Tablet, Amoxicillin 500 MG Oral Tablet, Cefuroxime 250 MG Oral Tablet",,
682,bea87be4-08d7-cc5e-4791-254d11c26341,52,999-46-1605,Anya,Mills,married,white,F,993 Rau Neck Apt 66,North Attleborough,"Jolivette 28 Day Pack, NuvaRing 0.12/0.015 MG per 24HR 21 Day Vaginal Ring, diphenhydrAMINE Hydrochloride 25 MG Oral Tablet, 12 HR Hydrocodone Bitartrate 10 MG Extended Release Oral Capsule, amLODIPine 2.5 MG Oral Tablet, Abuse-Deterrent 12 HR Oxycodone Hydrochloride 10 MG Extended Release Oral Tablet [Oxycontin], Kyleena 19.5 MG Intrauterine System, Hydrochlorothiazide 25 MG Oral Tablet, 1 ML medroxyprogesterone acetate 150 MG/ML Injection, Phenazopyridine hydrochloride 100 MG Oral Tablet, Etonogestrel 68 MG Drug Implant, 168 HR Ethinyl Estradiol 0.00146 MG/HR / norelgestromin 0.00625 MG/HR Transdermal System, Nitrofurantoin 5 MG/ML Oral Suspension, Acetaminophen 300 MG / Hydrocodone Bitartrate 5 MG Oral Tablet, lisinopril 10 MG Oral Tablet","Hypertension, Cystitis","Shellfish , Eggs  "
683,b3f7b7b8-589f-0f29-bf7d-cf3b162f6c97,33,999-84-8285,Mariette,Gusikowski,married,white,F,418 Roob Trailer,Ayer,"Trinessa 28 Day Pack, Acetaminophen 300 MG / Codeine Phosphate 15 MG Oral Tablet, Errin 28 Day Pack, Yaz 28 Day Pack, Mirena 52 MG Intrauterine System, Acetaminophen 325 MG Oral Tablet [Tylenol]",,
684,df0d49f8-6136-1388-b5ec-0a19e7539b15,31,999-51-3837,Fredrick,Stehr,unknown,white,M,899 Farrell Union,Billerica,Acetaminophen 325 MG Oral Tablet [Tylenol],,
685,7edc835f-0063-6d39-0c35-112f82a3e131,72,999-81-3679,Wilton,Schamberger,married,asian,M,975 Grady Bypass,Charlton,diphenhydrAMINE Hydrochloride 25 MG Oral Tablet,,Mold 
686,a3501530-1af1-4244-15cd-40070be6e4f4,77,999-13-4276,Elliot,Fritsch,married,white,M,243 Collins Loaf,Boston,"Naproxen sodium 220 MG Oral Tablet, Cefuroxime 250 MG Oral Tablet, 24 HR Donepezil hydrochloride 10 MG / Memantine hydrochloride 28 MG Extended Release Oral Capsule, Phenazopyridine hydrochloride 100 MG Oral Tablet, Nitrofurantoin 5 MG/ML Oral Suspension, Galantamine 4 MG Oral Tablet","Escherichia coli urinary tract infection, Alzheimer's disease (disorder)",
687,0d2673ea-1ad2-be4f-0f45-fcf802d7785f,8,999-83-1614,Jim,Lubowitz,unknown,white,M,803 Spencer Glen Apt 14,Newton,"Ibuprofen 100 MG Oral Tablet, Acetaminophen 160 MG Chewable Tablet, Cefuroxime 250 MG Oral Tablet",,
688,10d90820-db26-953d-7818-a17f198cc2f8,27,999-62-9912,Manda,Crist,unknown,white,F,132 Reilly Trafficway,Littleton,"Naproxen sodium 220 MG Oral Tablet, Natazia 28 Day Pack, NDA020800 0.3 ML Epinephrine 1 MG/ML Auto-Injector, Ibuprofen 200 MG Oral Tablet, Meperidine Hydrochloride 50 MG Oral Tablet, Errin 28 Day Pack, Acetaminophen 325 MG Oral Tablet, Camila 28 Day Pack, Levora 0.15/30 28 Day Pack, Loratadine 5 MG Chewable Tablet",Acute bronchitis (disorder),"Mold , Grass pollen , Shellfish , Eggs  , House dust mite , Animal dander , Bee venom , Tree pollen "
689,37dd96cc-2255-db60-bca6-005438b7d3ee,31,999-20-6615,Thomasena,OConner,single,white,F,112 D'Amore Corner,Newton,"Penicillin V Potassium 500 MG Oral Tablet, Errin 28 Day Pack, Camila 28 Day Pack, Kyleena 19.5 MG Intrauterine System, lisinopril 10 MG Oral Tablet","Streptococcal sore throat (disorder), Hypertension",
690,c24c5971-3c20-aeab-95da-9dba58dad4a3,65,999-94-9579,Demetrice,Collier,married,white,F,1093 Mayert Loaf Suite 68,Swansea,"Naproxen sodium 220 MG Oral Tablet, Alendronic acid 10 MG Oral Tablet, Acetaminophen 21.7 MG/ML / Dextromethorphan Hydrobromide 1 MG/ML / doxylamine succinate 0.417 MG/ML Oral Solution, Chlorpheniramine Maleate 2 MG/ML Oral Solution, NDA020503 200 ACTUAT Albuterol 0.09 MG/ACTUAT Metered Dose Inhaler, 120 ACTUAT Fluticasone propionate 0.044 MG/ACTUAT Metered Dose Inhaler, Diazepam 5 MG Oral Tablet, Carbamazepine[Tegretol]","Childhood asthma, Acute bronchitis (disorder)","Mold , Grass pollen , Aspirin, Fish , Soya bean , Cow's milk , House dust mite , Animal dander "
691,df46cbb3-2704-5d4e-a101-4f2d2dac83b0,78,999-15-7884,Odell,OKon,married,white,M,249 Sauer Flat,Shrewsbury,"Alteplase 100 MG Injection, Acetaminophen 325 MG / oxyCODONE Hydrochloride 5 MG Oral Tablet, Ibuprofen 200 MG Oral Tablet, Amoxicillin 250 MG / Clavulanate 125 MG Oral Tablet, Acetaminophen 325 MG Oral Tablet, Clopidogrel 75 MG Oral Tablet, Simvastatin 10 MG Oral Tablet, Alendronic acid 10 MG Oral Tablet, Acetaminophen 325 MG Oral Tablet [Tylenol]","Viral sinusitis (disorder), Hyperlipidemia",
692,9f2b1e2f-f8e2-9990-8b39-6906a5721ac2,23,999-68-5890,Arron,Morar,unknown,white,M,206 Shields Light Unit 97,Amherst Center,"Ibuprofen 100 MG Oral Tablet, Abuse-Deterrent 12 HR Oxycodone Hydrochloride 10 MG Extended Release Oral Tablet [Oxycontin], atomoxetine 100 MG Oral Capsule, Acetaminophen 325 MG Oral Tablet, Acetaminophen 160 MG Chewable Tablet, 72 HR Fentanyl 0.025 MG/HR Transdermal System, Acetaminophen 300 MG / Hydrocodone Bitartrate 5 MG Oral Tablet","Child attention deficit disorder, Acute bronchitis (disorder)",
693,1b0d214c-f965-877c-6715-820eb1bd82dc,73,999-93-6408,Hae,Corkery,single,white,F,901 Klein Ramp,Athol,"Naproxen sodium 220 MG Oral Tablet, amLODIPine 2.5 MG Oral Tablet, lisinopril 10 MG Oral Tablet","Osteoarthritis of knee, Hypertension",
694,079bd0b4-875b-a9d2-bb7f-4084e3360787,27,999-71-3604,Armando,Stiedemann,unknown,white,M,327 Veum Arcade Apt 93,Amherst Center,"Acetaminophen 325 MG Oral Tablet, piperacillin 2000 MG / tazobactam 250 MG Injection, 150 ML vancomycin 5 MG/ML Injection, Abuse-Deterrent 12 HR Oxycodone Hydrochloride 15 MG Extended Release Oral Tablet","Sepsis (disorder), Acute bronchitis (disorder)",
695,152ae6fe-9ed5-6944-0d96-f6073102f677,107,999-45-2640,Vita,Bosco,married,white,F,799 Bogisich Rest Apt 84,Pittsfield,"Naproxen sodium 220 MG Oral Tablet, Hydrocortisone 10 MG/ML Topical Cream, Ibuprofen 200 MG Oral Tablet, Acetaminophen 325 MG Oral Tablet, Acetaminophen 325 MG / HYDROcodone Bitartrate 7.5 MG Oral Tablet",Contact dermatitis,
696,e9cbe913-d36c-2a77-2a27-60dbf73601e3,34,999-38-4047,Ellena,Jerde,single,white,F,970 Marks Boulevard,Salem,"Natazia 28 Day Pack, Trinessa 28 Day Pack, Amoxicillin 250 MG / Clavulanate 125 MG Oral Tablet, Acetaminophen 325 MG Oral Tablet, 1 ML medroxyprogesterone acetate 150 MG/ML Injection, Levora 0.15/30 28 Day Pack, Seasonique 91 Day Pack","Acute bacterial sinusitis (disorder), Viral sinusitis (disorder), Acute bronchitis (disorder)",
697,b2b784f2-7847-a0ce-a217-5bca4eb30c9d,78,999-10-4281,Simon,Langworth,married,white,M,143 Conn Route Suite 79,Woburn,Simvastatin 10 MG Oral Tablet,Hyperlipidemia,
698,4a3c6287-bc6a-681b-4382-0036f2432a51,10,999-11-7324,Norman,Glover,unknown,white,M,531 Will Vale Unit 54,Maynard,"Acetaminophen 325 MG Oral Tablet, Acetaminophen 160 MG Chewable Tablet, Amoxicillin 500 MG Oral Tablet",Acute bronchitis (disorder),
699,ca934cf9-a055-9b04-fd86-037eece56e90,11,999-54-5846,Daniela,Hagenes,unknown,white,F,425 Corwin Heights,Holliston,"Acetaminophen 325 MG Oral Tablet, Acetaminophen 160 MG Chewable Tablet, Amoxicillin 500 MG Oral Tablet",Acute bronchitis (disorder),
700,67712337-676a-c36f-ebae-e4b584e42d49,15,999-44-7717,Silvia,Pichardo,unknown,other,F,864 Zulauf Rue,Revere,"Ibuprofen 100 MG Oral Tablet, Amoxicillin 250 MG / Clavulanate 125 MG Oral Tablet, Acetaminophen 325 MG Oral Tablet, Acetaminophen 160 MG Chewable Tablet, Amoxicillin 500 MG Oral Tablet","Viral sinusitis (disorder), Acute bronchitis (disorder)",
701,9480b971-2ca2-56af-dded-aa0fac41e0a7,28,999-55-2544,Brunilda,Toy,unknown,white,F,510 Bergnaum Run,Springfield,"Penicillin V Potassium 250 MG Oral Tablet, Yaz 28 Day Pack, Loratadine 5 MG Chewable Tablet, NDA020800 0.3 ML Epinephrine 1 MG/ML Auto-Injector",Streptococcal sore throat (disorder),Shellfish 
702,6abc5e2e-a95f-1d3f-2b1c-7b003d417973,55,999-93-8901,Hulda,Pouros,married,white,F,248 Deckow Bypass,Mansfield,"Naproxen sodium 220 MG Oral Tablet, Naproxen 500 MG Oral Tablet","Primary fibromyalgia syndrome, Os",
